l,train_index,test_index,||W_in||,||b_in||,||W||,good_rows_W_in,linear_rows_W_in,extreme_rows_W_in,tau_f_rmse,tau_f_se,rmse,se,0_rows_W_in,0_cols_W,avg_bad_features,avg_abs_col_sum_W,tau_f_se_train
0.0,110272.0,1254.0,0.00016216833376497816,0.0147734953733361,11.591963883450314,0.0,1.0,0.0,1.0374,0.8554,0.7765295802634402,0.6029981890241154,1.0,0.0078125,0.0,0.40770471710513334,1.1648
1.0,42295.0,3802.0,0.00016993865787870966,0.014208265320833455,10.274013887255355,0.0,1.0,0.0,8.1536,6.3154,0.7075397631055693,0.500612516375485,1.0,0.0234375,0.0,0.37117617046934415,4.0586
2.0,157716.0,1505.0,0.00017122494782648775,0.01491850442740267,8.814787935775637,0.0,1.0,0.0,5.587400000000001,1.5652000000000001,0.664244766845404,0.4412211102815052,1.0,0.02734375,0.0,0.3068899641601619,4.2042
3.0,111296.0,2030.0,0.0001650812590037925,0.013605097417222803,13.05180948967303,0.0,1.0,0.0,2.5844,2.3842000000000003,0.8388627210670881,0.7036906647960793,1.0,0.0234375,0.0,0.49858137786041035,2.093
4.0,29801.0,3877.0,0.0001733688051497015,0.014165471923236,10.771663096370704,0.0,1.0,0.0,3.2214,2.4752,0.7435581780673294,0.5528787641708068,1.0,0.015625,0.0,0.4197826918049681,2.0202
5.0,160266.0,3384.0,0.00016136511644703998,0.014380994419626331,11.096392825049982,0.0,1.0,0.0,3.0212000000000003,1.2376,0.6871147450030353,0.4721266728005865,1.0,0.0390625,0.0,0.37479717040791183,1.9292
6.0,144058.0,338.0,0.00013941294021773995,0.01437361420749841,9.36779450916402,0.0,1.0,0.0,0.7462000000000001,0.6188,0.9173467549974975,0.841525068904439,1.0,0.02734375,0.0,0.2931305212404467,0.9282
7.0,108507.0,2046.0,0.00018283702308548623,0.014015412484746453,10.165621493705439,0.0,1.0,0.0,3.367,1.9474,0.7235778598971471,0.5235649193333348,1.0,0.01171875,0.0,0.3944982827184629,3.6218000000000004
8.0,40972.0,1107.0,0.00017695173088071422,0.013726064370097919,8.484601183921567,0.0,1.0,0.0,5.7330000000000005,3.7674000000000003,0.6417178033512319,0.4118017391379302,1.0,0.02734375,0.0,0.3192164045954371,0.9464
9.0,178677.0,1212.0,0.00017891240175495915,0.014454165125525961,8.347202423876178,0.0,1.0,0.0,1.0192,0.8918,0.7693731992927306,0.591935119789932,1.0,0.02734375,0.0,0.31545910126514554,0.3094
10.0,36945.0,4901.0,0.00014600456359034012,0.014725598088641904,11.207559207964694,0.0,1.0,0.0,2.8028,2.0202,0.8970195721706906,0.8046441128572899,1.0,0.0,0.0,0.4106333481846036,0.364
11.0,98382.0,1455.0,0.00017198012123748765,0.014315409495883773,9.201522383946372,0.0,1.0,0.0,6.6248000000000005,4.4408,0.6880585209459926,0.47342452824638737,1.0,0.0625,0.0,0.32107605920786453,2.2568
12.0,721.0,946.0,0.00017806138445410102,0.014674819734260635,14.562691251035801,0.0,1.0,0.0,0.8736,0.7644000000000001,0.9780516795602314,0.9565850878905908,1.0,0.01171875,0.0,0.5766739121796846,2.0566
13.0,152647.0,1754.0,0.00018107121077376085,0.01463738761500347,8.64121573080934,0.0,1.0,0.0,1.8928,1.6198000000000001,0.6492836757610191,0.42156929160974016,1.0,0.03125,0.0,0.33850358037086625,1.6380000000000001
14.0,22389.0,4269.0,0.00016554278580500285,0.014193172282875444,8.220206110947096,0.0,1.0,0.0,4.1132,1.6016000000000001,0.7471589418400325,0.5582464843715166,1.0,0.015625,0.0,0.30324693126317115,0.364
15.0,88773.0,4924.0,0.0001586250643951889,0.014127309309968316,8.29509605699265,0.0,1.0,0.0,1.9656,1.6562000000000001,0.6668989916849293,0.44475426511037447,1.0,0.0546875,0.0,0.29080668186681335,3.3852
16.0,73518.0,2438.0,0.00016568274971110895,0.014655359187515128,9.951168042530307,0.0,1.0,0.0,1.8564,0.4368,0.6418253456727759,0.4119397743479783,1.0,0.02734375,0.0,0.3329958834614519,1.4196
17.0,144010.0,1965.0,0.0001683778775296369,0.014996809807159998,9.905969435457587,0.0,1.0,0.0,1.4924000000000002,1.2922,0.9349042094757185,0.874045880895419,1.0,0.03125,0.0,0.38216752046618785,1.8746
18.0,30766.0,739.0,0.00016215776944366347,0.015382211855347421,8.537962679319758,0.0,1.0,0.0,3.6218000000000004,3.4398,0.8888659836695643,0.7900827369248627,1.0,0.01171875,0.0,0.30588265455231056,0.4732
19.0,36379.0,2576.0,0.00016746541786964627,0.014599793539482639,9.644797375112844,0.0,1.0,0.0,4.2042,3.367,0.822398514258277,0.6763393162542208,1.0,0.01953125,0.0,0.3440933091576599,1.1102
20.0,62483.0,4540.0,0.00015968087682310147,0.013903355984365567,9.598765547444792,0.0,1.0,0.0,3.3852,1.82,0.6300315619273426,0.3969397690246067,1.0,0.03515625,0.0,0.3325113296651596,0.38220000000000004
21.0,120830.0,4018.0,0.00016526447733943023,0.014504993515400886,9.196718306195224,0.0,1.0,0.0,2.73,1.9656,0.8018900056200994,0.6430275811134029,1.0,0.01953125,0.0,0.3313561908486029,0.9646
22.0,171440.0,4110.0,0.00016264407288598702,0.015221247474589566,10.391517722215623,0.0,1.0,0.0,3.2760000000000002,2.4752,0.7936232998009546,0.6298379419869561,1.0,0.0625,0.0,0.33869716004068495,2.1294
23.0,144768.0,2229.0,0.0001464350129045141,0.01397451205856436,9.979364012059433,0.0,1.0,0.0,3.5672,2.7846,0.787141926915099,0.619592413107615,1.0,0.03125,0.0,0.3110212425340557,1.0010000000000001
24.0,113621.0,2292.0,0.00017173007891266545,0.01505018256539244,8.289384268620573,0.0,1.0,0.0,3.9858000000000002,2.4752,0.7184214837861188,0.5161294283654477,1.0,0.015625,0.0,0.2973964727972813,0.9646
25.0,52201.0,3108.0,0.0001674729669566607,0.0142263947956171,8.81861977638038,0.0,1.0,0.0,0.5824,0.455,0.788041234867497,0.6210089878514898,1.0,0.01953125,0.0,0.31439723502083483,0.8918
26.0,118641.0,3085.0,0.00016521013247675217,0.014077908438944886,10.137858732076886,0.0,1.0,0.0,1.9474,0.546,0.8586718273612963,0.7373173071039882,1.0,0.01953125,0.0,0.33206757748135596,1.9292
27.0,76825.0,3056.0,0.00016517843117026454,0.014750305290189876,8.927049555941725,0.0,1.0,0.0,3.4944,3.1304000000000003,0.8468215695829034,0.7171067707108518,1.0,0.0234375,0.0,0.31018486128298006,0.9464
28.0,7837.0,515.0,0.00012509206574915028,0.015308608480589625,10.703025269385298,0.0,1.0,0.0,0.6916,0.455,1.0792827250332109,1.164851200555113,1.0,0.01171875,0.0,0.3228219998149894,2.8028
29.0,36960.0,459.0,0.00016905395108577075,0.014848768378746708,10.942596032904321,0.0,1.0,0.0,1.0556,0.6188,0.9399897559148696,0.8835807412248959,1.0,0.03125,0.0,0.39061030713946465,2.1294
30.0,82363.0,2470.0,0.00016327631386707855,0.014315025838757616,9.62473393242262,0.0,1.0,0.0,2.6754000000000002,2.3114,0.8975330985494434,0.8055656629917656,1.0,0.0234375,0.0,0.3381670651838693,0.4186
31.0,30396.0,1231.0,0.00014676777351446552,0.014352337361956014,11.498836891461305,0.0,1.0,0.0,5.6966,2.4388,0.9743281437167256,0.9493153316384815,1.0,0.01953125,0.0,0.38006896024060444,1.5106000000000002
32.0,3759.0,1269.0,0.00016615586265688207,0.01396401813040166,10.210898267904238,0.0,1.0,0.0,1.2012,0.9464,0.9349794400728456,0.8741865533589315,1.0,0.0078125,0.0,0.360686619668952,4.7866
33.0,146698.0,4319.0,0.00016398341251931093,0.01456306401150021,11.561456531409195,0.0,1.0,0.0,3.5126000000000004,0.8008000000000001,0.7873657285388739,0.6199447904775522,1.0,0.03125,0.0,0.4440567008580638,2.4570000000000003
34.0,37777.0,283.0,0.0001751836727956763,0.01515195058128162,9.100735481611695,0.0,1.0,0.0,2.5662000000000003,1.9656,0.6305500493959826,0.39759336479327545,1.0,0.01171875,0.0,0.34314226274694803,1.6926
35.0,84162.0,691.0,0.00018616621851707076,0.01377759749480905,7.357642124861273,0.0,1.0,0.0,2.2022,1.456,1.0205079970109459,1.041436571963292,1.0,0.0234375,0.0,0.26332071802836476,1.9474
36.0,110393.0,3310.0,0.00017288696648591425,0.014420526509317712,9.848192668342373,0.0,1.0,0.0,2.4024,0.4368,0.8605009537303717,0.7404618913708784,1.0,0.0234375,0.0,0.3486165484080148,1.6744
37.0,85022.0,1289.0,0.00016233018578498744,0.014874788594348582,11.203612055926417,0.0,1.0,0.0,2.1476,1.8018,0.9232961059291872,0.8524756992240001,1.0,0.03125,0.0,0.39376177095022413,0.7462000000000001
38.0,38927.0,4288.0,0.00017572588028681518,0.014421797936866798,7.736705580576874,0.0,1.0,0.0,0.546,0.273,0.8794731325200292,0.7734729908245924,1.0,0.0390625,0.0,0.27101875357422855,4.4226
39.0,101790.0,2425.0,0.00016496520310478962,0.013964790399634185,8.148685304157286,0.0,1.0,0.0,3.3852,1.9474,0.7849400227909443,0.616130839379048,1.0,0.015625,0.0,0.3116285289064762,2.548
40.0,34271.0,1884.0,0.00016721115826247597,0.014306942188714943,10.196825083471614,0.0,1.0,0.0,3.4398,2.6572,0.736029448784231,0.5417393494776186,1.0,0.02734375,0.0,0.36298564149183865,1.8018
41.0,44848.0,45.0,0.00015748484994601027,0.01402541814315388,13.585173926868741,0.0,1.0,0.0,0.7098,0.5824,0.9700058748342766,0.9409113972130098,1.0,0.01953125,0.0,0.49131891330533883,1.4196
42.0,119862.0,4580.0,0.00017395631290024455,0.014181117352142322,9.220904209457359,0.0,1.0,0.0,4.9322,3.458,0.7765755190999238,0.6030695368653172,1.0,0.01953125,0.0,0.3200872786773159,3.3488
43.0,45025.0,3986.0,0.0001652463222387005,0.014241767347693928,8.56155105974536,0.0,1.0,0.0,2.9848000000000003,2.2568,0.8088828191998803,0.6542914151967466,1.0,0.02734375,0.0,0.2921495396263009,2.275
44.0,74208.0,2497.0,0.0001469024295041981,0.014933796272412248,12.091348684714113,0.0,1.0,0.0,2.3478000000000003,2.1294,0.7621092984999317,0.5808105828600577,1.0,0.01171875,0.0,0.4011228075514204,1.0556
45.0,163231.0,780.0,0.00016040437941339803,0.014776741430158285,10.533802326619988,0.0,1.0,0.0,1.7654,0.4368,1.186821733761849,1.40854582772948,1.0,0.02734375,0.0,0.38196262369888956,0.7826000000000001
46.0,83312.0,2038.0,0.00017635859660254685,0.01469478873200692,9.85415571421877,0.0,1.0,0.0,2.0384,1.8928,0.9671763927552502,0.9354301747030589,1.0,0.02734375,0.0,0.36507980555296715,2.0202
47.0,40553.0,2589.0,0.00016952080923300953,0.014773876230803019,10.146889690045054,0.0,1.0,0.0,3.4944,3.3124000000000002,0.971895663760405,0.9445811812362789,1.0,0.03515625,0.0,0.37517247386458197,1.5470000000000002
48.0,112180.0,1714.0,0.00014466743658135634,0.01461928647062607,10.622740564151547,0.0,1.0,0.0,0.5642,0.40040000000000003,0.6604564458741243,0.4362027168966796,1.0,0.03515625,0.0,0.3512855489350506,1.2012
49.0,82692.0,4361.0,0.00016758880649767136,0.014123300326591978,10.0919454714125,0.0,1.0,0.0,2.6936,1.2558,0.8269133979788772,0.683785767756973,1.0,0.01171875,0.0,0.40036132187603135,1.274
50.0,158231.0,1664.0,0.00016039458438013796,0.01490905143589582,10.573652256565525,0.0,1.0,0.0,2.0384,1.6744,0.5714058402130014,0.32650463422952625,1.0,0.0234375,0.0,0.3441573983856676,1.1466
51.0,45767.0,2306.0,0.00018081453424234996,0.014672167011544675,8.730790116050995,0.0,1.0,0.0,0.4914,0.38220000000000004,0.7775497487406335,0.6045836117666228,1.0,0.0234375,0.0,0.3077456124893302,3.3306
52.0,115737.0,2951.0,0.00016159565610246953,0.01506368431454133,9.728676212375499,0.0,1.0,0.0,3.1304000000000003,1.0738,0.7140501471402443,0.5098676126310043,1.0,0.03125,0.0,0.3496428993041034,1.729
53.0,129781.0,1465.0,0.00015783361358216117,0.01501405671655292,8.742278156493898,0.0,1.0,0.0,3.367,2.9484000000000004,0.7945600753757127,0.6313257133810585,1.0,0.015625,0.0,0.2966949569424875,1.5288000000000002
54.0,149249.0,2058.0,0.00017176284706749273,0.014070660403701273,11.888060124642317,0.0,1.0,0.0,1.6198000000000001,1.4378,0.529238640525275,0.28009353862504144,1.0,0.01953125,0.0,0.43449603900565037,1.3286
55.0,170395.0,1879.0,0.00017284690269388445,0.014160728474418993,9.383616702686677,0.0,1.0,0.0,6.1698,4.55,0.5448320803882293,0.296841995820166,1.0,0.02734375,0.0,0.34435569158251056,1.0192
56.0,9884.0,1250.0,0.00014854914226185094,0.014006321064035961,12.71710495757753,0.0,1.0,0.0,3.0212000000000003,2.2204,1.95217964424773,3.8110053634151946,1.0,0.02734375,0.0,0.45058331349181646,0.6552
57.0,130381.0,2066.0,0.00015552669800234563,0.01447307786798847,14.157782667443824,0.0,1.0,0.0,0.8918,0.7644000000000001,0.7895156509053083,0.6233349630244323,1.0,0.02734375,0.0,0.5068367871737913,0.3094
58.0,104426.0,4072.0,0.00016716681861248783,0.014247128184579176,9.426082846064908,0.0,1.0,0.0,2.0202,1.6380000000000001,0.9440679872532024,0.8912643645563131,1.0,0.03515625,0.0,0.3398770748391007,2.8756
59.0,77602.0,2292.0,0.00015886975707891525,0.014158528914517987,8.41139451760403,0.0,1.0,0.0,2.5116,1.092,0.6957686128465244,0.48409396262237725,1.0,0.03515625,0.0,0.28456987146980395,2.184
60.0,148099.0,2600.0,0.00015860750107773874,0.0148120637731904,11.666097653222566,0.0,1.0,0.0,1.7836,1.6380000000000001,1.1000731703608595,1.2101609801477926,1.0,0.01171875,0.0,0.44869242741817567,2.0020000000000002
61.0,72368.0,1103.0,0.00016548146645216312,0.014633708806697631,10.258904914625324,0.0,1.0,0.0,1.4014,1.0374,0.9441126806031047,0.8913487536755799,1.0,0.03515625,0.0,0.3820826556564576,1.6744
62.0,23662.0,3900.0,0.00016123231506085276,0.014603501545652884,8.882203195961726,0.0,1.0,0.0,1.9474,1.8018,0.7212752431497129,0.5202379763806775,1.0,0.02734375,0.0,0.3146495142120749,2.0566
63.0,81735.0,4123.0,0.0001653078293531906,0.01484210480683613,8.553828464656489,0.0,1.0,0.0,7.0798000000000005,6.042400000000001,0.746762272740746,0.5576538919889245,1.0,0.03515625,0.0,0.2995660829838598,2.8028
64.0,134580.0,2842.0,0.00016739246386688464,0.014090430719365943,8.646896331954883,0.0,1.0,0.0,3.3488,2.5116,0.8061926131263528,0.6499465294594955,1.0,0.03125,0.0,0.3058573543031453,2.8392
65.0,70235.0,3794.0,0.00016486698534708748,0.014442533715579004,10.54886901055733,0.0,1.0,0.0,1.7108,1.0010000000000001,0.855591825192077,0.7320373713355091,1.0,0.0078125,0.0,0.4344255759383353,0.4186
66.0,41940.0,1390.0,0.00017930455945764723,0.014009694416934707,9.23586874354799,0.0,1.0,0.0,5.6056,5.4054,0.9305194377978893,0.8658664241197007,1.0,0.015625,0.0,0.37629988966942385,0.4732
67.0,165510.0,3579.0,0.0001731413975464017,0.013627347280196858,8.732230048781977,0.0,1.0,0.0,1.7108,1.5652000000000001,1.7623815850993136,3.1059888514971634,1.0,0.02734375,0.0,0.32753139718647617,1.9656
68.0,157532.0,3993.0,0.000153229049801626,0.014451362079726353,10.190140808868197,0.0,1.0,0.0,2.2386,2.093,0.7631883391539044,0.5824564410204957,1.0,0.05078125,0.0,0.3185520841526912,1.2922
69.0,49584.0,2998.0,0.00016432924046911143,0.014328056563043527,10.801559007653447,0.0,1.0,0.0,2.7482,1.9656,0.949039618377123,0.9006761972493947,1.0,0.01953125,0.0,0.4011028831844485,1.092
70.0,40410.0,1718.0,0.00015137193332412287,0.014671527381749894,10.48579369438889,0.0,1.0,0.0,0.364,0.2912,1.2328857319155384,1.5200072279609131,1.0,0.01953125,0.0,0.35794979695634077,1.9656
71.0,70343.0,3948.0,0.00016180897909600487,0.013907700963320635,9.584228716625967,0.0,1.0,0.0,2.0748,1.2922,0.605549491217795,0.3666901863141301,1.0,0.02734375,0.0,0.3548234531250234,0.5642
72.0,52078.0,354.0,0.00016938347834981164,0.014384627474706308,7.529398551756743,0.0,1.0,0.0,2.9302,2.1112,0.8057048122884253,0.6491602445447262,1.0,0.0390625,0.0,0.2737160830609833,3.1122
73.0,101082.0,1687.0,0.0001818505664674095,0.014172438266279263,8.286696788045159,0.0,1.0,0.0,1.8746,1.456,0.9038365422924812,0.8169204951832278,1.0,0.0234375,0.0,0.3233623467848685,1.911
74.0,131817.0,4438.0,0.000152358046635128,0.014795834727018231,11.607280976864754,0.0,1.0,0.0,1.7654,1.456,0.9258969958044648,0.8572852468397323,1.0,0.05859375,0.0,0.40377149752821745,2.184
75.0,69217.0,3580.0,0.00015663028669561622,0.01508317320551352,13.295899960294088,0.0,1.0,0.0,1.1102,0.7826000000000001,0.7823473365297624,0.6120673549752136,1.0,0.015625,0.0,0.4969428292483613,0.9464
76.0,108056.0,2458.0,0.00016170197316119853,0.014325659613951908,8.23251285782578,0.0,1.0,0.0,1.6562000000000001,1.456,0.9515098330085581,0.9053709623119723,1.0,0.05078125,0.0,0.28628824110639783,3.0212000000000003
77.0,59609.0,4667.0,0.00016506089306735845,0.014173379240333666,10.742875302565327,0.0,1.0,0.0,0.5642,0.455,1.0236633508179669,1.0478866558078677,1.0,0.0390625,0.0,0.3661348820124556,3.367
78.0,171337.0,1270.0,0.0001472310453479009,0.014266202771992193,14.521562960316572,0.0,1.0,0.0,1.6016000000000001,1.4014,0.9398906556933089,0.883394444659598,1.0,0.0,0.0,0.466162535709568,1.911
79.0,127294.0,649.0,0.00017231406027118734,0.013822720729843533,7.654685686195763,0.0,1.0,0.0,5.2234,4.4226,0.6567055622140016,0.43126219544280786,1.0,0.02734375,0.0,0.2977848707986281,3.822
80.0,37910.0,1300.0,0.0001674436088686758,0.014231212127765637,8.028971320266697,0.0,1.0,0.0,1.4014,1.2558,1.0596871768673202,1.122936912817032,1.0,0.05859375,0.0,0.27650852169312246,2.7118
81.0,11621.0,404.0,0.00016681133805983322,0.014726228633627419,9.698954463136046,0.0,1.0,0.0,1.7108,1.3832,0.9102076620785601,0.8284779881065184,1.0,0.0078125,0.0,0.3433856735002756,2.6208
82.0,63193.0,2210.0,0.00018333830286332192,0.014160934886231403,7.387273561427815,0.0,1.0,0.0,1.5834000000000001,1.456,0.8616220793415388,0.7423926076088369,1.0,0.05078125,0.0,0.24356167774006393,2.6572
83.0,178679.0,43.0,0.00016877932454408456,0.014696279036230962,8.575296276829484,0.0,1.0,0.0,2.5662000000000003,2.3842000000000003,0.7269766164620461,0.5284950008826048,1.0,0.0078125,0.0,0.29533292104101605,1.6744
84.0,155550.0,4327.0,0.0001672923415143022,0.014464266008129806,9.850427010048195,0.0,1.0,0.0,6.3518,4.5318000000000005,0.6453267481023247,0.41644661181632114,1.0,0.01953125,0.0,0.3653608094023908,1.1102
85.0,137157.0,922.0,0.00017971810801126913,0.014553186192168686,8.685884177915097,0.0,1.0,0.0,2.4388,0.4914,0.9664270065690642,0.9339811590260436,1.0,0.01171875,0.0,0.32188361971365254,2.2932
86.0,91260.0,1047.0,0.0001437118219388421,0.014737097296930835,12.728519984325885,0.0,1.0,0.0,2.3114,1.5652000000000001,0.8740279931927677,0.7639249328845775,1.0,0.03125,0.0,0.42173066245518775,1.274
87.0,105484.0,1646.0,0.0001644687569688453,0.014056546421055326,10.29885827169982,0.0,1.0,0.0,1.729,1.5288000000000002,0.9989300042779721,0.9978611534467889,1.0,0.04296875,0.0,0.39043725818441133,2.6208
88.0,170034.0,3222.0,0.00015686994470125255,0.014760410517031487,12.625074254551063,0.0,1.0,0.0,0.8372,0.6916,0.8404821047094069,0.7064101683367539,1.0,0.01953125,0.0,0.48470245454831407,0.91
89.0,82101.0,4446.0,0.0001531886150196569,0.014538349177333482,11.411661882453927,0.0,1.0,0.0,1.2558,1.1284,0.9489798787479128,0.9005628102684028,1.0,0.01953125,0.0,0.41159993161779873,3.5490000000000004
90.0,173991.0,4766.0,0.00017319120331486817,0.014128505876517133,8.324271512822012,0.0,1.0,0.0,3.003,2.5116,0.8529348720772326,0.7274978960054057,1.0,0.0390625,0.0,0.29003037494412354,2.7846
91.0,77154.0,3361.0,0.00015888885719285079,0.014672329919227243,8.692399045721935,0.0,1.0,0.0,3.458,2.093,0.8018706246884502,0.6429964987382462,1.0,0.05859375,0.0,0.29020261584964846,3.0212000000000003
92.0,6763.0,3584.0,0.00016997332826590027,0.014539975456431906,9.580993820984457,0.0,1.0,0.0,2.4206000000000003,2.2386,0.649797906126327,0.422237318806159,1.0,0.0078125,0.0,0.3448058982480644,1.5288000000000002
93.0,121965.0,3581.0,0.00015577848685352958,0.014636185293971411,9.378253453337908,0.0,1.0,0.0,4.695600000000001,3.6946000000000003,0.6510388134505359,0.4238515366190812,1.0,0.01171875,0.0,0.3395134913469433,1.8746
94.0,54840.0,580.0,0.00018976292927482612,0.014494835231889632,7.644135156718476,0.0,1.0,0.0,2.4024,1.456,0.6786187390212117,0.46052339295073996,1.0,0.0078125,0.0,0.2959729758721138,1.7472
95.0,86810.0,2907.0,0.00016898920052677583,0.014931264638276239,9.091357631439273,0.0,1.0,0.0,1.6016000000000001,1.456,0.882100289058218,0.7781009199565916,1.0,0.0234375,0.0,0.2933638449037055,2.9848000000000003
96.0,66744.0,1028.0,0.0001672295883261594,0.014948156120103888,8.70807084911674,0.0,1.0,0.0,2.6026000000000002,2.4388,0.7812939778834306,0.6104202798769147,1.0,0.0078125,0.0,0.33212071313679337,1.7654
97.0,70287.0,4883.0,0.0001547703468965947,0.014852817435205449,10.674502164291992,0.0,1.0,0.0,1.7108,1.0556,0.8925248137227337,0.7966005431108006,1.0,0.0390625,0.0,0.3599176120372336,2.275
98.0,111909.0,1860.0,0.0001693648240721592,0.01529819790641801,9.078066930541777,0.0,1.0,0.0,2.6390000000000002,1.8746,0.7520601836330644,0.5655945198061988,1.0,0.01171875,0.0,0.3218177075267832,2.6936
99.0,165706.0,2057.0,0.00014928872397227964,0.01483848813714766,11.138431327415136,0.0,1.0,0.0,2.7664,2.2568,0.9375683951359495,0.8790344955578,1.0,0.01171875,0.0,0.38827226025602624,0.7462000000000001
100.0,83861.0,4686.0,0.00018979276183398884,0.014404178743890522,7.532980725941723,0.0,1.0,0.0,2.6754000000000002,1.8382,1.3360942166660488,1.7851477558084627,1.0,0.015625,0.0,0.2886941256118183,1.9838
101.0,44894.0,2008.0,0.0001628678199168014,0.01499797295988319,11.209614947218427,0.0,1.0,0.0,1.7654,1.0374,0.601385994053481,0.36166511384369343,1.0,0.01953125,0.0,0.41083473493083333,1.2194
102.0,67471.0,1206.0,0.00016755338482853392,0.014732214291675282,8.137617981379751,0.0,1.0,0.0,6.006,4.55,0.8793513212786441,0.7732587462344952,1.0,0.02734375,0.0,0.27096159851612467,4.7502
103.0,173836.0,3610.0,0.0001626391745453755,0.014822612404620126,11.900070253006765,0.0,1.0,0.0,0.9464,0.8190000000000001,0.6828398402678036,0.4662702474569598,1.0,0.01953125,0.0,0.4202621857389527,0.8554
104.0,124225.0,119.0,0.00016752795205052546,0.014809899895684679,8.52415377725689,0.0,1.0,0.0,3.9312,2.4388,0.9508419084855766,0.9041003349324929,1.0,0.0078125,0.0,0.2939379463371792,1.456
105.0,66440.0,4269.0,0.00016787182145381097,0.013962692104485518,7.28499105260198,0.0,1.0,0.0,1.6562000000000001,1.5106000000000002,0.8903414969577389,0.7927079812049471,1.0,0.0234375,0.0,0.2531475129156946,3.0758
106.0,69920.0,2584.0,0.0001488476090324011,0.014276475693046776,10.114176863931032,0.0,1.0,0.0,0.40040000000000003,0.3276,0.6908107987611616,0.47721955968503393,1.0,0.02734375,0.0,0.30397937005135217,1.1648
107.0,474.0,3963.0,0.00015609818243482617,0.01501247858027401,10.078195132404295,0.0,1.0,0.0,2.2568,2.0384,0.9982480070645233,0.9964990836082923,1.0,0.02734375,0.0,0.34332146022950205,2.3842000000000003
108.0,33580.0,1804.0,0.00016020389400325208,0.01436586037425663,10.260668356827383,0.0,1.0,0.0,4.0040000000000004,3.2214,1.6280409746771058,2.65051741522758,1.0,0.015625,0.0,0.3478205707819031,3.9676
109.0,154837.0,709.0,0.00016348663370811646,0.01477647858760649,9.657350813462777,0.0,1.0,0.0,3.458,2.912,0.7679590619469236,0.5897611208263988,1.0,0.00390625,0.0,0.36385507702405917,2.4024
110.0,177548.0,397.0,0.00017419343432929348,0.014014071820531493,9.818357174543683,0.0,1.0,0.0,1.8382,1.092,0.7515237848874218,0.5647879992515155,1.0,0.0078125,0.0,0.3914419240040212,1.9292
111.0,95093.0,4078.0,0.00014293562925203352,0.015132553244213006,10.364332465868193,0.0,1.0,0.0,2.6754000000000002,1.8928,0.8001884229607209,0.6403015122403659,1.0,0.01953125,0.0,0.3228390204991314,2.5844
112.0,85627.0,1230.0,0.00016277742475301042,0.014914695431282573,10.903907550570176,0.0,1.0,0.0,1.9292,1.274,0.9316991081783971,0.8680632281804194,1.0,0.05859375,0.0,0.3828058116927081,0.6916
113.0,7267.0,3640.0,0.00015364183769538275,0.014916921962803129,9.838897464429111,0.0,1.0,0.0,2.4934000000000003,2.3296,0.7455213652476812,0.5558021060407665,1.0,0.01953125,0.0,0.3583305361724908,2.9484000000000004
114.0,51889.0,3689.0,0.0001839839793730823,0.014721734274138486,7.426528446217175,0.0,1.0,0.0,1.6926,1.5470000000000002,1.1183836647616798,1.2507820216057655,1.0,0.015625,0.0,0.2682032466766118,1.2558
115.0,97780.0,4801.0,0.00017731613826595032,0.014162934532634954,8.890768416961595,0.0,1.0,0.0,2.6026000000000002,1.8382,0.7048431517161482,0.49680386852115277,1.0,0.015625,0.0,0.31314532149366336,1.7654
116.0,42985.0,1834.0,0.00017490332994690217,0.014276560355501563,10.752814808803167,0.0,1.0,0.0,3.1304000000000003,2.366,0.7420512865891505,0.5506401119286137,1.0,0.03515625,0.0,0.377515272819374,1.1284
117.0,92454.0,1467.0,0.00016805859042325319,0.013798737053500003,10.620956107728324,0.0,1.0,0.0,0.6006,0.5096,0.8311796781241311,0.6908596573265336,1.0,0.0390625,0.0,0.3949524098011674,1.4014
118.0,53930.0,153.0,0.0001695375235160385,0.014451229359083866,9.989641297958489,0.0,1.0,0.0,1.9474,1.4742000000000002,0.8271228789212618,0.6841322568349958,1.0,0.0078125,0.0,0.351188580335859,1.0010000000000001
119.0,125464.0,2169.0,0.00017675773367388522,0.015336996318233015,8.880044265549946,0.0,1.0,0.0,3.1304000000000003,2.821,0.8303847688038795,0.6895388642614719,1.0,0.0234375,0.0,0.321745805684452,2.184
120.0,109297.0,1017.0,0.00016762120752286607,0.014103498268975816,7.812627331407291,0.0,1.0,0.0,2.184,2.0384,0.917936178516758,0.8426068278299492,1.0,0.0234375,0.0,0.3019090805930259,2.912
121.0,166166.0,2968.0,0.0001747855863606703,0.013362780745552414,8.185168258150286,0.0,1.0,0.0,3.4216,2.6572,0.6969166472054904,0.48569281315214174,1.0,0.0390625,0.0,0.2817983927846215,0.4368
122.0,107332.0,1548.0,0.00017943188255659887,0.013933419005241997,8.796004340449363,0.0,1.0,0.0,1.9292,1.7472,0.8664630326894721,0.7507581870174387,1.0,0.00390625,0.0,0.35066759803930836,0.9828
123.0,161456.0,4507.0,0.00016771373939370387,0.013885397961580842,8.646803493924246,0.0,1.0,0.0,4.0586,2.6208,0.7551543814380112,0.5702581398050254,1.0,0.05859375,0.0,0.30915101707901593,1.365
124.0,6580.0,3141.0,0.00014165819360471466,0.01513065624259022,13.27342773072986,0.0,1.0,0.0,2.7118,1.7654,0.8346730383871958,0.696679081010513,1.0,0.01171875,0.0,0.4058187406415792,1.3286
125.0,55457.0,605.0,0.00016991793558990306,0.01445445211355175,8.28466764576803,0.0,1.0,0.0,3.3852,2.5662000000000003,0.7638953261081743,0.583536069249914,1.0,0.01953125,0.0,0.31194259354982723,2.2932
126.0,48010.0,2194.0,0.00016374189937239073,0.014139679314501335,11.645897791900138,0.0,1.0,0.0,5.6966,4.277,0.7939099537519336,0.6302930146663975,1.0,0.0078125,0.0,0.40431221970537745,1.3286
127.0,8030.0,3427.0,0.000190293743139911,0.014071137464703464,6.243173484607895,0.0,1.0,0.0,2.3114,2.0566,1.0670497033725324,1.138595069467409,1.0,0.0390625,0.0,0.2640983051290917,2.0748
128.0,22222.0,588.0,0.0001961776762638092,0.013091798469354293,7.594434040002678,0.0,1.0,0.0,3.458,1.4742000000000002,0.9511383578440267,0.9046641757622318,1.0,0.0078125,0.0,0.2991163730780748,1.9656
129.0,130185.0,3912.0,0.00016038538763485754,0.014438151987129472,9.783407794347463,0.0,1.0,0.0,1.2012,1.0556,0.719667174133216,0.5179208415248885,1.0,0.0234375,0.0,0.38650746102566247,1.7836
130.0,49977.0,1425.0,0.00016901402601987803,0.013797035752226626,7.863879438258913,0.0,1.0,0.0,3.4034,1.9656,0.7963107921350018,0.6341108776706749,1.0,0.015625,0.0,0.2930655302073175,2.1658
131.0,131729.0,879.0,0.00016980984739101935,0.014112280368508132,9.570981633845488,0.0,1.0,0.0,1.911,1.1284,1.0778748684283823,1.1618142319895037,1.0,0.01171875,0.0,0.3791325881427392,3.7310000000000003
132.0,84057.0,1004.0,0.00016403351465743611,0.014408512502839263,10.457517068843154,0.0,1.0,0.0,1.8382,1.6926,0.9505462497956056,0.9035381730004898,1.0,0.0078125,0.0,0.40316890326224364,1.1102
133.0,96131.0,930.0,0.00016554446391971368,0.014390641345928103,11.244005181574375,0.0,1.0,0.0,1.8746,1.1648,1.0176419096648497,1.0355950563063212,1.0,0.02734375,0.0,0.4017762294901641,0.6188
134.0,79887.0,4494.0,0.0001834164175505781,0.0148058453933015,6.683807131654582,0.0,1.0,0.0,3.5672,3.1486,0.8173730289850769,0.6680986685122389,1.0,0.03515625,0.0,0.24252811328094095,1.5288000000000002
135.0,135872.0,3748.0,0.00015850441111249324,0.014640402052228985,9.935679820392608,0.0,1.0,0.0,4.186,2.6572,0.626188574318338,0.3921121306068326,1.0,0.05078125,0.0,0.32079425370957226,1.1102
136.0,32201.0,4340.0,0.0001587313124740331,0.01444786795203699,8.955699854621441,0.0,1.0,0.0,2.73,2.548,0.7000828496736923,0.49011599640723746,1.0,0.01171875,0.0,0.3289309444387436,2.5844
137.0,111331.0,3381.0,0.00016401470183504956,0.014525920655862626,9.1508018928936,0.0,1.0,0.0,1.5834000000000001,1.456,0.8166684125875143,0.6669472961182104,1.0,0.0078125,0.0,0.3100165633400614,1.6380000000000001
138.0,152091.0,53.0,0.00017655561959194172,0.014916909372136078,8.394993965661683,0.0,1.0,0.0,2.2386,2.0384,0.7928642743587373,0.6286337575544081,1.0,0.0234375,0.0,0.31371365045877075,2.1658
139.0,90527.0,1848.0,0.0001773839310611229,0.014309859451972776,9.918759777031093,0.0,1.0,0.0,1.0374,0.7826000000000001,0.979815989329925,0.9600393729465795,1.0,0.02734375,0.0,0.3617073944878315,1.2194
140.0,122058.0,542.0,0.0001768795022066363,0.014853131970254303,7.970632302255388,0.0,1.0,0.0,2.4752,1.6926,1.1138326515001264,1.2406231755478023,1.0,0.0078125,0.0,0.2996050832709898,1.6016000000000001
141.0,28005.0,4286.0,0.00017063914598591844,0.014423012403662368,8.581855013944027,0.0,1.0,0.0,4.7866,3.9676,0.7566950764714832,0.5725874387561837,1.0,0.0625,0.0,0.30959548358648314,3.6036
142.0,97045.0,796.0,0.0001440552340896628,0.014880797023027638,10.370408377525118,0.0,1.0,0.0,2.8574,2.0748,0.8173372797301346,0.6680402288366567,1.0,0.03515625,0.0,0.3628527464708431,7.243600000000001
143.0,134639.0,1791.0,0.00017906071961339254,0.013800654559196938,7.411636255754237,0.0,1.0,0.0,3.2032000000000003,1.7654,0.8740194924791508,0.7639100732335118,1.0,0.03515625,0.0,0.29001215035902195,1.6744
144.0,4680.0,3291.0,0.00016758046623519546,0.014020653978830353,11.209029969247037,0.0,1.0,0.0,2.366,1.6016000000000001,0.7446224527269598,0.5544625971051134,1.0,0.02734375,0.0,0.4386840286493796,1.6926
145.0,40943.0,4844.0,0.0001610246317452309,0.01432575380024449,10.714239133377584,0.0,1.0,0.0,2.4388,1.7472,0.7678819464617409,0.5896426837018717,1.0,0.01953125,0.0,0.3958212915190905,1.365
146.0,161801.0,355.0,0.0001864817551572414,0.014608553910729209,7.4841313988489775,0.0,1.0,0.0,2.4570000000000003,1.5106000000000002,0.9945440158700961,0.9891177995030174,1.0,0.015625,0.0,0.29117382231948774,1.274
147.0,35893.0,828.0,0.000183860104227432,0.013708247545103202,7.820872167725263,0.0,1.0,0.0,2.275,2.0020000000000002,0.9257454115820127,0.8570045670651498,1.0,0.01171875,0.0,0.30020562797228223,1.2558
148.0,124626.0,3018.0,0.00014894536100412426,0.014975927611379029,11.586792057432785,0.0,1.0,0.0,3.7856,2.8574,0.7830064427007386,0.6130990893108641,1.0,0.01171875,0.0,0.37842522541898227,0.40040000000000003
149.0,115243.0,3345.0,0.00017296133878351262,0.014790308443725099,8.256957870983626,0.0,1.0,0.0,4.9504,4.5318000000000005,0.891657119045202,0.7950524179439887,1.0,0.01171875,0.0,0.29101731758624183,1.4196
150.0,146833.0,2771.0,0.00015514107017557393,0.014632878011643095,9.650088485615287,0.0,1.0,0.0,2.0020000000000002,1.7836,0.9801177012617457,0.96063070832661,1.0,0.01953125,0.0,0.34670057402838284,2.8574
151.0,83508.0,4230.0,0.0001663860966947277,0.013773649700598618,9.997039562960197,0.0,1.0,0.0,4.2952,0.40040000000000003,0.7884045384644272,0.6215817162713059,1.0,0.07421875,0.0,0.37267062320651456,0.728
152.0,138883.0,4731.0,0.00017923780458851393,0.014772327494079314,8.996951800980508,0.0,1.0,0.0,2.9848000000000003,1.6198000000000001,0.9324541237662549,0.8694706929286934,1.0,0.328125,0.0,0.29765547660218883,1.2922
153.0,83589.0,165.0,0.0001719211284516149,0.013974405586819887,8.889883046973205,0.0,1.0,0.0,2.0020000000000002,1.4742000000000002,0.7857713456666227,0.617436607670735,1.0,0.03125,0.0,0.34155185768905283,1.1648
154.0,153633.0,4175.0,0.00018127258833948548,0.01411986861864485,8.815243799184273,0.0,1.0,0.0,3.367,1.2558,0.8738576669766441,0.7636272221338638,1.0,0.01171875,0.0,0.31853014611037045,0.6188
155.0,164388.0,3698.0,0.00016002340030398708,0.014017201816775803,8.643654115901882,0.0,1.0,0.0,2.5116,0.364,0.5334117558689573,0.2845281012992041,1.0,0.03125,0.0,0.2967155488393649,2.4024
156.0,76174.0,498.0,0.00017163862057534385,0.014365677713652741,8.518997606199115,0.0,1.0,0.0,3.8948,3.6582000000000003,0.7325949344477575,0.5366953379785148,1.0,0.04296875,0.0,0.3036582160133483,1.3104
157.0,53106.0,1188.0,0.00016609971233742612,0.014281193350183618,11.06722908209269,0.0,1.0,0.0,2.912,2.73,0.6600372319916767,0.4356491476152344,1.0,0.01953125,0.0,0.44315139853550845,0.8736
158.0,168658.0,164.0,0.0001460828980663814,0.013925369179325658,10.46252580641616,0.0,1.0,0.0,1.5652000000000001,0.8736,1.09502455611876,1.199078778503086,1.0,0.0234375,0.0,0.3353981549721414,0.8372
159.0,92165.0,4994.0,0.00016062448500511381,0.014872570966801855,7.5793699553651575,0.0,1.0,0.0,2.366,1.6198000000000001,0.7113305665680231,0.5059911749339852,1.0,0.0390625,0.0,0.25224797301842794,1.2922
160.0,140772.0,3899.0,0.00015717469764894702,0.014597569205782077,16.049876160931184,0.0,1.0,0.0,1.5470000000000002,0.8372,1.161525337144848,1.349141108829453,1.0,0.0234375,0.0,0.5844288994139327,1.2376
161.0,29656.0,115.0,0.00016087469597672558,0.014738657773331769,10.575538376379006,0.0,1.0,0.0,2.6026000000000002,1.1648,0.8102989380636273,0.6565843690270422,1.0,0.01171875,0.0,0.3753315181696184,1.2376
162.0,126322.0,3461.0,0.00016821273891403732,0.014161461951078279,11.344261268435712,0.0,1.0,0.0,1.6198000000000001,0.91,0.8870330046613585,0.7868275513585573,1.0,0.03515625,0.0,0.40322692608033517,2.4752
163.0,1548.0,4181.0,0.00017550307205371006,0.013849049095033697,10.3214305333536,0.0,1.0,0.0,1.6198000000000001,1.4742000000000002,0.7941648439512542,0.6306977993681199,1.0,0.01953125,0.0,0.38651830114149066,2.0566
164.0,64067.0,920.0,0.0001675484162868235,0.014765115980001952,9.946140772841494,0.0,1.0,0.0,2.73,1.9292,1.3029537856844755,1.6976885676295055,1.0,0.01171875,0.0,0.38238011552921636,1.6744
165.0,15946.0,2247.0,0.0001814228051577587,0.014048165759463556,7.6497448380372495,0.0,1.0,0.0,2.8392,0.7644000000000001,0.7304391799825184,0.5335413956535336,1.0,0.03515625,0.0,0.281371797757354,1.2558
166.0,62112.0,4602.0,0.00016690188032581252,0.014550592741189448,9.31513937272547,0.0,1.0,0.0,3.8038000000000003,2.4024,0.8561218622425425,0.7329446430096394,1.0,0.01171875,0.0,0.3421433651880421,2.8574
167.0,66464.0,3706.0,0.00016427920411763737,0.01421745353947591,8.513069024910651,0.0,1.0,0.0,2.2932,2.093,0.9463113016076483,0.8955050795503614,1.0,0.0078125,0.0,0.29938316204576143,1.274
168.0,34298.0,2561.0,0.00018050702004952535,0.014426465027535139,8.992063972114364,0.0,1.0,0.0,1.3468,1.1466,0.8618610719902527,0.7428045074121872,1.0,0.0234375,0.0,0.3351008548337697,2.0020000000000002
169.0,165765.0,2283.0,0.00015705471039478632,0.015167664975769974,10.910565767603064,0.0,1.0,0.0,3.9312,3.1486,0.8106071231542349,0.6570839081083847,1.0,0.02734375,0.0,0.3833511305497641,3.3306
170.0,78226.0,1025.0,0.00017555381996515229,0.014015287666543837,8.636787575702261,0.0,1.0,0.0,1.1102,0.9464,0.8845670340324099,0.782458837696895,1.0,0.03125,0.0,0.32397876585872276,1.092
171.0,107984.0,4612.0,0.0001653785191191814,0.01445100955174051,9.24630152273987,0.0,1.0,0.0,1.6562000000000001,1.456,0.9425396955309338,0.8883810776515431,1.0,0.03125,0.0,0.322942566083674,0.9282
172.0,118444.0,4737.0,0.0001389562940373976,0.015628217044010947,14.347677595320782,0.0,1.0,0.0,4.841200000000001,4.0586,0.7502967479754097,0.5629452100224758,1.0,0.02734375,0.0,0.4300019257281635,0.3276
173.0,105141.0,2238.0,0.0001659611223641396,0.014155841056484271,11.591149165965408,0.0,1.0,0.0,3.2214,2.4752,0.8730161605885944,0.7621572166488508,1.0,0.0078125,0.0,0.4027863089074315,2.8028
174.0,46845.0,1052.0,0.00016563087516471587,0.014798061623050878,8.450640583714812,0.0,1.0,0.0,4.5318000000000005,2.275,0.8536638397663321,0.7287419513245978,1.0,0.03125,0.0,0.311987458590776,4.2952
175.0,97511.0,4424.0,0.00016218268449767585,0.015005773963971661,8.560056658109366,0.0,1.0,0.0,3.185,3.003,0.6665279396638595,0.44425949435254963,1.0,0.0859375,0.0,0.2908500454037797,2.3478000000000003
176.0,120210.0,532.0,0.00016445109160985086,0.014550414841812877,8.541178248880318,0.0,1.0,0.0,2.8938,0.9282,0.8520372869718337,0.7259675383903231,1.0,0.046875,0.0,0.31717855834243913,1.8382
177.0,109974.0,385.0,0.00017613852088540474,0.014635283194435309,8.991330634800377,0.0,1.0,0.0,7.680400000000001,6.2244,0.7124666611008006,0.5076087431801232,1.0,0.05078125,0.0,0.29215708255995043,0.455
178.0,85992.0,3601.0,0.00017963867994609084,0.01398184983887667,10.315338996088228,0.0,1.0,0.0,2.8028,2.0020000000000002,0.9650740351820699,0.9313678933826023,1.0,0.01171875,0.0,0.3706406207762796,3.4398
179.0,93564.0,2195.0,0.00017384900117416882,0.014655974428663192,9.62207515985495,0.0,1.0,0.0,3.0394,2.7664,0.9036914733478458,0.8166582790016002,1.0,0.02734375,0.0,0.3449289685561929,2.2568
180.0,137002.0,673.0,0.0001600306480929883,0.01486377218983417,9.78897178187256,0.0,1.0,0.0,3.4034,2.1112,0.8178755692087603,0.6689204467085527,1.0,0.01953125,0.0,0.36297890027620294,2.5298000000000003
181.0,142188.0,4838.0,0.00016795833896222196,0.013694700231068157,11.932508500285868,0.0,1.0,0.0,1.7472,0.9828,0.9558228088865499,0.9135972419877748,1.0,0.0078125,0.0,0.4873815573880236,1.5288000000000002
182.0,35077.0,88.0,0.00018127012939992906,0.01396171784923193,7.474091015475593,0.0,1.0,0.0,2.8392,2.6390000000000002,0.8319044884795657,0.6920650779524482,1.0,0.046875,0.0,0.2529636413909479,1.6744
183.0,175611.0,3124.0,0.00016651453180655586,0.01449172892999193,9.022372716909777,0.0,1.0,0.0,2.3842000000000003,1.6016000000000001,0.7192270902709923,0.5172876073796782,1.0,0.0234375,0.0,0.3195325131178528,0.5642
184.0,51455.0,585.0,0.00016177327784601682,0.014814893924781252,10.786310940531967,0.0,1.0,0.0,2.821,2.0020000000000002,1.199995259674481,1.439988623241226,1.0,0.02734375,0.0,0.40058554316819295,0.9646
185.0,123541.0,4534.0,0.00015779519257863247,0.014564672947375843,8.902429144864357,0.0,1.0,0.0,1.0738,0.9464,0.8229037438292734,0.6771705716082352,1.0,0.0390625,0.0,0.29075973861743065,0.7462000000000001
186.0,142879.0,4645.0,0.00016317915997764547,0.013781016961741248,11.71040806080829,0.0,1.0,0.0,1.82,1.4378,0.8838446312568145,0.7811813322014936,1.0,0.03125,0.0,0.4062852784401514,1.8564
187.0,139554.0,3470.0,0.0001663579420064849,0.014509130401413679,9.880023677702013,0.0,1.0,0.0,1.82,1.6380000000000001,0.9222854546333972,0.8506104598283329,1.0,0.015625,0.0,0.3881895443836907,1.5106000000000002
188.0,68062.0,3116.0,0.00016938857145928655,0.013967204250890583,12.416517811447475,0.0,1.0,0.0,1.82,0.4186,0.9064291256549105,0.8216137598355258,1.0,0.0078125,0.0,0.5149437650131743,1.5834000000000001
189.0,172977.0,2016.0,0.00015872406925219925,0.01415235080601352,13.398455030092327,0.0,1.0,0.0,5.2234,3.64,0.576185115004414,0.33198928675265016,1.0,0.0234375,0.0,0.49066759916431224,0.2912
190.0,143139.0,230.0,0.00015259477388757851,0.01566367759837366,9.889810782730553,0.0,1.0,0.0,3.3124000000000002,2.4934000000000003,1.0738901464905837,1.1532400467295671,1.0,0.04296875,0.0,0.31858618598642735,1.2558
191.0,65793.0,1519.0,0.00014783786659585717,0.014921079902572312,9.28046536261298,0.0,1.0,0.0,0.9828,0.8372,0.8943707562503438,0.7998990496358135,1.0,0.03515625,0.0,0.2877406372662765,2.2386
192.0,169455.0,1786.0,0.00016169375365440947,0.014772507108009073,12.340539784065507,0.0,1.0,0.0,3.7310000000000003,2.366,0.5352816295490509,0.2865264229326873,1.0,0.0078125,0.0,0.43064953220080415,1.6744
193.0,93012.0,2211.0,0.00017912441968940258,0.013521970037583824,8.892559906912581,0.0,1.0,0.0,2.0384,1.4742000000000002,0.8167872158650483,0.6671413560005774,1.0,0.015625,0.0,0.33414165695622033,0.9828
194.0,18077.0,4018.0,0.00015166678621917292,0.01467804738890328,13.111422275058372,0.0,1.0,0.0,1.9474,1.3104,0.685824096002942,0.47035469065825275,1.0,0.01171875,0.0,0.46696090878195373,0.9828
195.0,43050.0,3342.0,0.00014350110665458464,0.014436382383639288,11.510333548209099,0.0,1.0,0.0,1.8018,0.9464,0.9168597959832137,0.840631885490379,1.0,0.03515625,0.0,0.3866102934285207,2.821
196.0,141146.0,4957.0,0.00014886518275138217,0.015090304931091323,17.84778245767733,0.0,1.0,0.0,0.8918,0.7462000000000001,1.0679468542897481,1.140510483587369,1.0,0.0078125,0.0,0.6445174196681434,2.6936
197.0,144122.0,1823.0,0.00015174621597756333,0.014904913581020727,11.489499036249102,0.0,1.0,0.0,4.3862000000000005,2.821,0.7392104643026679,0.5464321105345651,1.0,0.02734375,0.0,0.36426002023788195,1.2012
198.0,69243.0,150.0,0.00015892684607164202,0.014720606245305098,8.278531315297737,0.0,1.0,0.0,4.8048,3.3124000000000002,0.5581460809644476,0.31152704769597156,1.0,0.05078125,0.0,0.2809044997848624,2.4206000000000003
199.0,107835.0,4259.0,0.00016821415072532645,0.01488463098540705,7.835776847317662,0.0,1.0,0.0,1.0010000000000001,0.7098,0.6776999732945139,0.45927725380338474,1.0,0.02734375,0.0,0.3070543067926801,3.5308
200.0,130403.0,2193.0,0.0001653767332032481,0.014180082433518624,10.599650307375674,0.0,1.0,0.0,3.5672,3.3488,0.8284114581211127,0.6862655439463484,1.0,0.015625,0.0,0.39950882910887886,3.6218000000000004
201.0,46766.0,1096.0,0.00017128203403558693,0.014588104081641939,8.665974837155247,0.0,1.0,0.0,3.6218000000000004,0.9646,0.5058506698214348,0.255884900158794,1.0,0.0234375,0.0,0.3290129448987038,2.3296
202.0,139732.0,2007.0,0.00014945405159567392,0.014035021256838592,11.569161411599051,0.0,1.0,0.0,2.9666,2.0748,0.8104257449458268,0.6567898880709981,1.0,0.015625,0.0,0.4200761567693253,2.548
203.0,140848.0,1903.0,0.00015207639923252002,0.014661466226382612,12.031654693994561,0.0,1.0,0.0,2.4388,0.40040000000000003,0.7005853661667251,0.4908198552869645,1.0,0.01953125,0.0,0.4087456690500997,0.6552
204.0,99732.0,2795.0,0.00015155874803117911,0.015284424725846272,13.074158391452565,0.0,1.0,0.0,2.6390000000000002,1.2012,0.8622832611985587,0.7435324225432217,1.0,0.06640625,0.0,0.3955652731623678,1.1648
205.0,85964.0,4841.0,0.00015877727676853978,0.014887537899190848,9.208091256444433,0.0,1.0,0.0,0.455,0.364,0.9329274781240665,0.8703536794389302,1.0,0.01953125,0.0,0.297112707451646,2.0566
206.0,5425.0,3453.0,0.0001616548968315645,0.014239476830327056,8.107255494223262,0.0,1.0,0.0,2.8574,2.6754000000000002,0.7509566722162972,0.5639359235461756,1.0,0.06640625,0.0,0.2828161646685503,1.6744
207.0,172647.0,343.0,0.00014776975006071337,0.01530159779675253,9.235583974538116,0.0,1.0,0.0,3.0758,2.912,1.01514065873463,1.0305105570161792,1.0,0.02734375,0.0,0.2920275040866531,2.7118
208.0,49403.0,2113.0,0.00017761047435937137,0.014052142034541854,10.555743759197284,0.0,1.0,0.0,1.0010000000000001,0.8736,0.7007228979155592,0.49101257966317924,1.0,0.0078125,0.0,0.35563777128703045,2.4570000000000003
209.0,117995.0,1439.0,0.00014584898747554902,0.014607024381865634,12.35849838037581,0.0,1.0,0.0,0.91,0.7644000000000001,0.9813771548828214,0.9631011201259002,1.0,0.02734375,0.0,0.4309407195351618,3.6582000000000003
210.0,88818.0,253.0,0.00018318885417060882,0.01383913556258699,8.588086864961664,0.0,1.0,0.0,2.0202,1.8382,0.6873192532839488,0.47240775593480466,1.0,0.0390625,0.0,0.32657819253073694,1.2194
211.0,69136.0,2045.0,0.00017396404196840426,0.014619589081202042,8.64409039454813,0.0,1.0,0.0,4.6774000000000004,4.4772,0.7150628367124525,0.5113148604472593,1.0,0.0234375,0.0,0.3081438986084528,0.637
212.0,96978.0,1601.0,0.00017707725678471408,0.014534807114581563,7.476811757473214,0.0,1.0,0.0,2.6390000000000002,0.728,0.7589070190812127,0.5759398636107328,1.0,0.0703125,0.0,0.24892417608589879,1.0192
213.0,141769.0,3373.0,0.00016889321801622786,0.013976129043223016,8.774209024328728,0.0,1.0,0.0,1.0556,0.91,1.0082908145952456,1.0166503667971443,1.0,0.0234375,0.0,0.34222925923526026,2.093
214.0,149729.0,4782.0,0.00016038179617245692,0.014470198059096547,9.630374585297655,0.0,1.0,0.0,2.2204,1.9656,0.795881850139266,0.6334279193811003,1.0,0.015625,0.0,0.33380601529629594,1.9838
215.0,41580.0,3215.0,0.0001898390034842391,0.014727568686279623,6.681773236684326,0.0,1.0,0.0,2.8392,1.4924000000000002,0.7041954653632809,0.49589125343820856,1.0,0.03125,0.0,0.24676551965296056,5.441800000000001
216.0,75175.0,3351.0,0.00016356030339598568,0.014549505007989714,9.415271412509867,0.0,1.0,0.0,2.9848000000000003,2.2022,0.6907485981071336,0.4771336257869707,1.0,0.0234375,0.0,0.3285549196257387,1.365
217.0,153265.0,2207.0,0.000169327515861926,0.01412772208337181,10.261154337710716,0.0,1.0,0.0,2.7846,1.456,0.7190148108648404,0.516982298243002,1.0,0.01953125,0.0,0.3566327206363944,3.3852
218.0,105399.0,700.0,0.00015067797182524546,0.014695180525698103,10.664894877417977,0.0,1.0,0.0,1.5834000000000001,0.8736,1.0293611601696298,1.0595843980657664,1.0,0.0234375,0.0,0.3508101049898161,4.2042
219.0,153038.0,2419.0,0.00018488743384137914,0.014460592557146618,7.367119482416086,0.0,1.0,0.0,2.184,2.0202,0.9561726651542977,0.9142661655882722,1.0,0.01953125,0.0,0.28811723665426214,0.9464
220.0,67199.0,4389.0,0.00017768855246392913,0.014510576695596644,9.305977433094393,0.0,1.0,0.0,3.003,2.0202,0.9197900226787381,0.8460136858193533,1.0,0.0234375,0.0,0.33194486753583313,1.6562000000000001
221.0,22944.0,4144.0,0.00017276510447996788,0.013881407311007088,8.136342880687334,0.0,1.0,0.0,1.1648,0.9646,0.8818353062995475,0.7776335074364157,1.0,0.0390625,0.0,0.2864221004061722,1.3286
222.0,78250.0,1390.0,0.00017699574043136498,0.014740161636055106,7.237943649343363,0.0,1.0,0.0,3.4034,1.9656,0.8277192299104397,0.6851191235635312,1.0,0.0234375,0.0,0.25456437439857194,0.7098
223.0,125109.0,3337.0,0.00017481932392760256,0.01441830848880755,8.422871466274918,0.0,1.0,0.0,2.1658,1.911,0.9716707292948555,0.9441440061683971,1.0,0.01953125,0.0,0.28157785644923966,3.7492
224.0,140239.0,489.0,0.0001508545589633221,0.014616586460341655,11.198798145517138,0.0,1.0,0.0,2.6754000000000002,0.5824,0.6763257674086136,0.45741654366085016,1.0,0.0078125,0.0,0.4045464311026814,0.6916
225.0,56201.0,1970.0,0.00018276023768981127,0.014223533190687873,9.604187572135418,0.0,1.0,0.0,1.8018,1.5652000000000001,0.8984974643031153,0.8072976933591275,1.0,0.015625,0.0,0.3768543948291936,4.5318000000000005
226.0,165332.0,2802.0,0.00016650839315386412,0.01463471899101252,10.201632253432855,0.0,1.0,0.0,3.8402000000000003,3.0576000000000003,0.6499556084439707,0.42244229294777186,1.0,0.01953125,0.0,0.37158992572391725,1.729
227.0,18103.0,4036.0,0.0001516443079186808,0.014780586092945821,7.458760914895284,0.0,1.0,0.0,4.695600000000001,2.9848000000000003,0.765687443804491,0.5862772615998556,1.0,0.02734375,0.0,0.24421974105846433,2.7118
228.0,76893.0,3344.0,0.0001595774641072255,0.014535922415489061,9.49231644339569,0.0,1.0,0.0,2.093,0.637,0.9561589268288975,0.9142398933545896,1.0,0.02734375,0.0,0.3341518705023172,2.3296
229.0,72804.0,870.0,0.00015558149394941554,0.013686431557387017,9.547281013196468,0.0,1.0,0.0,0.4368,0.3458,0.9310202650665153,0.8667987339645242,1.0,0.02734375,0.0,0.36956276234225194,1.8746
230.0,80516.0,4346.0,0.00017049038891707975,0.014629929530473476,6.932805074108604,0.0,1.0,0.0,4.7138,1.4014,0.5706164752559734,0.32560316183355104,1.0,0.05859375,0.0,0.2498210780620697,4.3316
231.0,42286.0,2211.0,0.00014751458378102166,0.014942343790198282,12.358310827167557,0.0,1.0,0.0,1.9656,1.4742000000000002,0.8761538934346715,0.7676456449807334,1.0,0.01171875,0.0,0.3998863427507313,4.167800000000001
232.0,51295.0,2467.0,0.00017668955480321682,0.014036831781656496,8.024925799606832,0.0,1.0,0.0,2.2568,1.4924000000000002,0.8317074348757815,0.6917372572276521,1.0,0.02734375,0.0,0.2949744306333497,1.8564
233.0,158932.0,2859.0,0.0001713653818618581,0.015012279269031741,8.808213154375093,0.0,1.0,0.0,3.367,3.0758,0.8656888903538841,0.7494172548821392,1.0,0.015625,0.0,0.3191963307339516,0.7098
234.0,147557.0,1893.0,0.00014336189479478067,0.01499548495294611,11.634576780815244,0.0,1.0,0.0,2.366,0.9646,0.7771902981650397,0.6040247595618632,1.0,0.015625,0.0,0.4018711048502147,2.2204
235.0,114964.0,4115.0,0.00017976952385364298,0.014259974437566773,10.467015250340143,0.0,1.0,0.0,2.5116,1.1102,0.9705212225858122,0.9419114434894591,1.0,0.015625,0.0,0.3769285313473957,2.8938
236.0,109334.0,886.0,0.000160636771563078,0.014769508083946071,10.793293495705308,0.0,1.0,0.0,1.5288000000000002,1.274,0.6971349423504795,0.48599712784600624,1.0,0.01953125,0.0,0.3519922160781692,0.91
237.0,166085.0,558.0,0.00017784663770696967,0.014672616890348728,8.93819601663789,0.0,1.0,0.0,2.2386,2.0748,0.9643557477699581,0.9299820082569559,1.0,0.03515625,0.0,0.3420800939234061,1.7472
238.0,25382.0,4535.0,0.0001582620857734725,0.014481217829433455,8.27350265913911,0.0,1.0,0.0,5.1688,2.9666,0.8367526607720753,0.700155015309147,1.0,0.0390625,0.0,0.25309094604090454,1.1102
239.0,31147.0,4266.0,0.00018310815717950018,0.013979877095119834,7.672633254894407,0.0,1.0,0.0,1.6926,1.5470000000000002,0.8678435835631194,0.7531524855316775,1.0,0.01953125,0.0,0.3023751331940714,0.40040000000000003
240.0,170426.0,2421.0,0.0001835749953035284,0.013796186176153679,6.9730705814060086,0.0,1.0,0.0,3.0940000000000003,2.3296,1.0847270165575669,1.176632700449878,1.0,0.0234375,0.0,0.282067623670315,1.8382
241.0,151561.0,1288.0,0.00016708699419051872,0.013910852520908925,10.151438061138217,0.0,1.0,0.0,3.2760000000000002,2.821,0.9682215747983008,0.9374530179049013,1.0,0.01171875,0.0,0.38400583225808227,2.9302
242.0,65358.0,3331.0,0.00017153862864974762,0.014276293486409639,7.964344195746127,0.0,1.0,0.0,2.0748,1.911,0.8844013808519334,0.7821658024528065,1.0,0.0078125,0.0,0.2858386085905389,3.9312
243.0,163886.0,307.0,0.00016579209087393533,0.014651420386733258,9.31289449739289,0.0,1.0,0.0,2.6572,1.82,0.7533010830382216,0.5674625217065585,1.0,0.03125,0.0,0.34534088316177636,3.3488
244.0,82201.0,2718.0,0.0001807394710066343,0.014825838818616646,8.393095277416727,0.0,1.0,0.0,3.9676,3.7310000000000003,0.8255077212736689,0.6814629978824455,1.0,0.015625,0.0,0.30968487109959364,1.8564
245.0,69375.0,145.0,0.00016643437418728118,0.014139563533337451,10.546548579641843,0.0,1.0,0.0,1.9292,1.7108,0.9886750929131325,0.9774784393467911,1.0,0.03125,0.0,0.39246964352615,0.8554
246.0,115783.0,1925.0,0.00021188430445083398,0.013732879449349731,7.062712233921291,0.0,1.0,0.0,1.0192,0.8918,1.039692243460132,1.0809599611111615,1.0,0.00390625,0.0,0.29685460607954806,0.91
247.0,26801.0,4519.0,0.00018259535124360974,0.01382984474745637,6.546051941435637,0.0,1.0,0.0,2.73,2.0020000000000002,0.8350206039609896,0.6972594090393756,1.0,0.0234375,0.0,0.26091319318318096,0.7462000000000001
248.0,145900.0,1665.0,0.0001764169134339837,0.014875177176410225,9.051008703974576,0.0,1.0,0.0,4.4408,3.4944,0.9796946812858124,0.9598016685397107,1.0,0.03515625,0.0,0.3348494991438331,1.7472
249.0,103160.0,2119.0,0.00016908440165800184,0.013778009020663447,8.145892169722204,0.0,1.0,0.0,2.0384,1.8018,1.020915552312008,1.0422685649525323,1.0,0.046875,0.0,0.2971628086276321,0.8736
250.0,97075.0,252.0,0.0001878530387632293,0.014272959649169309,7.248606759886156,0.0,1.0,0.0,5.187,4.313400000000001,0.5698936727124453,0.3247787981976793,1.0,0.0390625,0.0,0.2705634358052329,2.0384
251.0,57783.0,3602.0,0.00017742974835197362,0.01426203685935708,8.67646015057821,0.0,1.0,0.0,2.2022,2.0384,0.7796037329083848,0.6077819803646881,1.0,0.01953125,0.0,0.34305154397289456,1.8746
252.0,82714.0,182.0,0.0001554433793014374,0.014737107130622595,12.387969338446226,0.0,1.0,0.0,1.7654,1.092,1.132438030777768,1.282415893551829,1.0,0.03515625,0.0,0.45757604106989186,0.8190000000000001
253.0,77226.0,3552.0,0.00016339908217893995,0.014890872943437966,10.940112543872932,0.0,1.0,0.0,0.40040000000000003,0.3094,0.7388345338770891,0.5458764684493752,1.0,0.01171875,0.0,0.39070398784589555,0.9464
254.0,89237.0,3586.0,0.0001506542615140932,0.014179486142597337,14.210778787557103,0.0,1.0,0.0,0.7644000000000001,0.637,0.670622364239092,0.4497343554176295,1.0,0.01171875,0.0,0.5330855212407114,0.5824
255.0,36365.0,789.0,0.00016558835883271722,0.014313238909612546,11.320894398344082,0.0,1.0,0.0,1.82,1.1284,0.8750418286414788,0.7656982018722224,1.0,0.03125,0.0,0.407335412906103,1.3468
256.0,114193.0,1055.0,0.0001690828056970526,0.014790964274355639,10.535182149023392,0.0,1.0,0.0,2.8392,0.8190000000000001,0.7188922738607514,0.5168061014166816,1.0,0.01953125,0.0,0.3876684294014652,2.4934000000000003
257.0,53419.0,4232.0,0.00016749384062773152,0.013822719121743992,10.2493930974833,0.0,1.0,0.0,2.0384,0.6734,0.7514122847771544,0.564620421714023,1.0,0.02734375,0.0,0.38860088192220005,2.9302
258.0,19862.0,1202.0,0.00016726754787546477,0.013740627976383469,9.564869849869277,0.0,1.0,0.0,1.365,1.2194,1.1067900878757595,1.2249842986200326,1.0,0.02734375,0.0,0.3672757004572669,1.2376
259.0,154528.0,3634.0,0.00017813206410269826,0.014071712808913504,6.771763437926381,0.0,1.0,0.0,3.9858000000000002,3.7856,0.8014976726266855,0.6423985192259931,1.0,0.015625,0.0,0.2529292762628468,1.0374
260.0,103944.0,4800.0,0.00016503864850328628,0.01479145426060198,9.453252899861278,0.0,1.0,0.0,2.2568,2.0748,0.6992846834827191,0.4889990685535271,1.0,0.0234375,0.0,0.3214789578093199,1.5470000000000002
261.0,76066.0,494.0,0.0001721419847164616,0.01447574171240903,8.483413676018584,0.0,1.0,0.0,3.4762,2.7118,0.9297708663725572,0.8644738639551758,1.0,0.0390625,0.0,0.30981326512318574,0.4186
262.0,114929.0,139.0,0.0001602183368479497,0.014242930477918756,11.589986503885683,0.0,1.0,0.0,0.6006,0.5096,0.786816480807096,0.6190801744696628,1.0,0.03515625,0.0,0.4084034983603031,2.2204
263.0,158769.0,3221.0,0.00015509386568658646,0.014525976164821961,11.933904557323014,0.0,1.0,0.0,4.8958,2.7664,0.5845475973789677,0.34169589360152364,1.0,0.00390625,0.0,0.3969681304989301,3.5126000000000004
264.0,107568.0,2646.0,0.000179691055960825,0.014251015759268652,9.84175582994597,0.0,1.0,0.0,8.827,4.5136,0.6139428106040138,0.3769257746923561,1.0,0.015625,0.0,0.3853419226564041,2.9666
265.0,78689.0,2744.0,0.00017899307069044258,0.014284675854341313,7.791569227533422,0.0,1.0,0.0,4.4590000000000005,3.458,0.5884466068567705,0.3462694091212464,1.0,0.046875,0.0,0.283332301585526,2.5116
266.0,59527.0,3290.0,0.00016234545046983138,0.014294448327725253,9.403377410241795,0.0,1.0,0.0,5.7330000000000005,4.186,0.6036657838005265,0.3644123785315043,1.0,0.0234375,0.0,0.3208634418419266,0.8372
267.0,107137.0,2565.0,0.0001853952225812024,0.014300472932652242,9.385862755981437,0.0,1.0,0.0,1.7472,1.5288000000000002,0.7789191244453829,0.6067150024267619,1.0,0.03125,0.0,0.3705449529808167,1.729
268.0,136754.0,196.0,0.0001773998884002388,0.0145183387921744,10.181286722749268,0.0,1.0,0.0,1.4742000000000002,1.2012,0.8725925280864302,0.7614177200722665,1.0,0.0234375,0.0,0.396573586167702,2.2022
269.0,20781.0,4874.0,0.00016546108807170815,0.014674929587211274,8.00406834025766,0.0,1.0,0.0,3.185,2.8756,0.8618489947755633,0.742783689795649,1.0,0.03125,0.0,0.2724568668352969,1.0010000000000001
270.0,141674.0,2549.0,0.00016332880138266885,0.013907221022241461,10.307917240773598,0.0,1.0,0.0,0.7644000000000001,0.5642,0.7531539625971722,0.5672408913758222,1.0,0.02734375,0.0,0.35786959265771,3.2214
271.0,21296.0,3281.0,0.00018411061150146353,0.015057060364846164,7.28252783607003,0.0,1.0,0.0,5.6966,4.7138,0.8743136477728505,0.7644243546818679,1.0,0.03515625,0.0,0.24438583449103746,1.4378
272.0,114813.0,2718.0,0.00016232071939986838,0.014620961671860343,8.519381209906713,0.0,1.0,0.0,3.8948,2.4388,0.644945244195607,0.415954368010531,1.0,0.015625,0.0,0.31777332841790695,1.5288000000000002
273.0,68752.0,2676.0,0.00018433786043120146,0.014594746834521583,8.631192457879104,0.0,1.0,0.0,2.0020000000000002,1.8382,0.8065405116983887,0.6505075970106985,1.0,0.015625,0.0,0.32839968898415695,0.3458
274.0,142313.0,3899.0,0.00016414949348647796,0.014411797248392567,13.41585770308642,0.0,1.0,0.0,1.5652000000000001,0.8918,1.080065436868349,1.1665413479176179,1.0,0.03515625,0.0,0.46990694803625155,1.9292
275.0,160148.0,4777.0,0.00016871743874368424,0.014060622046144128,11.024326742575106,0.0,1.0,0.0,3.8038000000000003,1.4924000000000002,0.7390820184298569,0.5462422299663511,1.0,0.01953125,0.0,0.42110489889255076,1.5834000000000001
276.0,16062.0,2400.0,0.00016582562933959908,0.013879623796305167,8.773217561895619,0.0,1.0,0.0,3.8402000000000003,2.275,0.8117066149503034,0.6588676287540801,1.0,0.01953125,0.0,0.328811665996528,0.6006
277.0,3693.0,1879.0,0.00017750785782504186,0.014419577660812685,10.974308478708318,0.0,1.0,0.0,4.6774000000000004,3.822,0.6701417664791236,0.4490899871797599,1.0,0.03125,0.0,0.4148941428929558,1.9474
278.0,140134.0,4806.0,0.00016949113539669873,0.014291272688954358,9.71764367730021,0.0,1.0,0.0,0.5278,0.40040000000000003,0.9651863154656076,0.9315846235620759,1.0,0.015625,0.0,0.36187945777490516,1.7472
279.0,67092.0,780.0,0.0001787096958136026,0.014228861730872832,8.731169988649972,0.0,1.0,0.0,2.5844,2.4206000000000003,1.2192685772510297,1.48661586347175,1.0,0.04296875,0.0,0.3015597770278535,2.2022
280.0,85797.0,2880.0,0.0001866482332862445,0.014410944223268574,8.970154435935083,0.0,1.0,0.0,2.5844,1.8746,0.8317124241379141,0.6917455564653647,1.0,0.0078125,0.0,0.34579405416101205,1.6198000000000001
281.0,7516.0,877.0,0.00016896547884367232,0.014342473927913433,9.28057277958851,0.0,1.0,0.0,3.4944,2.3296,0.981725120491944,0.9637842122049217,1.0,0.03125,0.0,0.34344149346419006,2.5116
282.0,58413.0,4650.0,0.00017023239370995042,0.01411898562982516,9.164999587910767,0.0,1.0,0.0,4.0586,2.912,0.7716329659574781,0.5954174341523345,1.0,0.01953125,0.0,0.32919901513444216,1.5106000000000002
283.0,172032.0,4657.0,0.0001480616363944655,0.015126851757999793,10.83692878809123,0.0,1.0,0.0,3.9494000000000002,3.1486,1.182129373957018,1.3974298567720114,1.0,0.0390625,0.0,0.3637613448544833,2.2932
284.0,161982.0,3663.0,0.00017215591634880194,0.014274282560132377,10.44061643411957,0.0,1.0,0.0,0.8190000000000001,0.6188,0.7684084869876884,0.5904516028747087,1.0,0.0234375,0.0,0.38861317010836594,0.8008000000000001
285.0,117826.0,956.0,0.00014560765597147957,0.014718463133955107,10.321105762361833,0.0,1.0,0.0,2.9302,2.548,0.760263318472568,0.5780003134149215,1.0,0.00390625,0.0,0.36476234370194227,0.6552
286.0,68451.0,3669.0,0.0001779050145980014,0.014225200650347164,7.78503686515958,0.0,1.0,0.0,5.2234,4.368,0.8746865376190269,0.7650765390919614,1.0,0.02734375,0.0,0.2900425532911931,1.8018
287.0,99276.0,965.0,0.00015040392242024052,0.014442539543519796,9.912559807383042,0.0,1.0,0.0,0.8372,0.6916,0.850220748007146,0.7228753203418304,1.0,0.03125,0.0,0.338149138814263,1.9474
288.0,49758.0,4100.0,0.00017087319628854587,0.01398837212826733,9.368921032132398,0.0,1.0,0.0,3.0940000000000003,1.6744,0.8833299075485396,0.7802717255697114,1.0,0.0703125,0.0,0.3235197003186854,2.1294
289.0,124733.0,1127.0,0.00016952075223958225,0.014505842823276776,9.835713669157762,0.0,1.0,0.0,5.6784,3.5672,0.6973704931568512,0.48632560472582936,1.0,0.01953125,0.0,0.33910251548833176,1.1284
290.0,29578.0,195.0,0.00017736243500953355,0.01425106666815273,10.144638995499974,0.0,1.0,0.0,2.1476,1.9292,0.7794367330190349,0.6075216207793868,1.0,0.00390625,0.0,0.3708223289979493,2.6026000000000002
291.0,32577.0,4445.0,0.00015715317839860596,0.014323251779870627,9.011579199005272,0.0,1.0,0.0,0.5824,0.4914,0.982656335841255,0.9656134743689617,1.0,0.01953125,0.0,0.31107325607580094,3.3306
292.0,48254.0,4897.0,0.00014771619572649273,0.014004513441109154,12.43461382055673,0.0,1.0,0.0,2.548,1.8564,0.7268037135499376,0.5282436380299795,1.0,0.015625,0.0,0.4281786522724086,1.7108
293.0,103417.0,4958.0,0.00018561310290024865,0.014645129932584872,7.547944436469527,0.0,1.0,0.0,2.7482,1.3468,0.8427227639583503,0.7101816568936016,1.0,0.03515625,0.0,0.28059228538548453,1.0374
294.0,158558.0,4796.0,0.00017210770179952676,0.01450367431125498,10.740255392445741,0.0,1.0,0.0,1.6016000000000001,0.8918,1.0267912942846704,1.0543003620187883,1.0,0.015625,0.0,0.37753815633452636,1.0556
295.0,128091.0,4154.0,0.00015964768790513017,0.014139702988773576,11.095320829552763,0.0,1.0,0.0,1.9292,1.6016000000000001,1.0716442664009567,1.148421433710044,1.0,0.01953125,0.0,0.4283835439039462,4.9504
296.0,143353.0,2807.0,0.00014653645145676567,0.015195081032905058,8.709454365401415,0.0,1.0,0.0,1.274,1.0556,0.8554686598368237,0.7318266279630109,1.0,0.0234375,0.0,0.29384605380604434,2.8756
297.0,139076.0,4238.0,0.00015440003280241049,0.014654313603410336,11.963849856600696,0.0,1.0,0.0,4.914000000000001,4.0040000000000004,0.7915313516047131,0.6265218805731837,1.0,0.01953125,0.0,0.4249943412788375,0.6552
298.0,122582.0,4498.0,0.00015619113683546564,0.014236199130454055,8.508111733207226,0.0,1.0,0.0,4.641,2.73,0.805342777858832,0.6485769898493801,1.0,0.01171875,0.0,0.27976868689582035,1.7836
299.0,173602.0,1378.0,0.00016907112384927388,0.014481849184142703,8.082676472395061,0.0,1.0,0.0,3.1668000000000003,2.73,1.116138412653644,1.2457649562009967,1.0,0.03125,0.0,0.32021849659412194,2.9484000000000004
300.0,118369.0,2212.0,0.00017918830945093972,0.014327348881512011,9.393231752132209,0.0,1.0,0.0,2.184,1.9474,0.8924913597067216,0.7965408271511527,1.0,0.02734375,0.0,0.33479219115500525,1.5288000000000002
301.0,51055.0,3145.0,0.00016632559609211216,0.014492382090263514,12.224525929940544,0.0,1.0,0.0,1.5106000000000002,1.3468,0.888559647384671,0.7895382469603706,1.0,0.03515625,0.0,0.3960987466423869,1.3286
302.0,164074.0,785.0,0.00015912007539596238,0.01428201972204248,12.262940773611858,0.0,1.0,0.0,2.6936,0.5824,0.6366807086156482,0.40536232472332384,1.0,0.01953125,0.0,0.41986848182782577,1.9474
303.0,19490.0,1048.0,0.00017591518025743253,0.01406863525447721,10.163684055833325,0.0,1.0,0.0,0.728,0.6188,0.8333479457363828,0.694468798663049,1.0,0.0078125,0.0,0.41605132435738934,1.1648
304.0,176928.0,2657.0,0.00015999415423520894,0.014535484881082033,13.843374724334597,0.0,1.0,0.0,1.7654,0.5278,0.7510307572710798,0.5640471983671724,1.0,0.0234375,0.0,0.4797372757536995,2.3842000000000003
305.0,10153.0,4428.0,0.0001840287048877022,0.013783357006008346,9.647285166244712,0.0,1.0,0.0,4.4954,3.003,0.7803645116696242,0.6089687710733709,1.0,0.01171875,0.0,0.37341115303006633,0.40040000000000003
306.0,52599.0,4645.0,0.00015639792701292976,0.015349971855370768,10.703683709137042,0.0,1.0,0.0,1.8018,1.4378,0.5574593356007499,0.31076091084842977,1.0,0.046875,0.0,0.34425558677223467,6.5520000000000005
307.0,24675.0,4242.0,0.00016919373058035892,0.013960787705042088,9.255277506519395,0.0,1.0,0.0,0.8736,0.7462000000000001,0.6923831046805278,0.47939436364704746,1.0,0.01953125,0.0,0.35369114801698975,2.2932
308.0,142240.0,903.0,0.00017018372764300102,0.014535883320655772,8.953494670542742,0.0,1.0,0.0,2.5116,1.7472,1.5270241880880806,2.331802871006062,1.0,0.03125,0.0,0.3153115565884381,1.4924000000000002
309.0,149252.0,2429.0,0.00014689626319658953,0.01441047676881737,14.950423191635062,0.0,1.0,0.0,1.4924000000000002,1.1648,0.9949191054590966,0.9898640264075295,1.0,0.015625,0.0,0.5066508058214381,1.2558
310.0,164324.0,783.0,0.0001734907149666896,0.014693339649939479,9.136397356160288,0.0,1.0,0.0,1.4742000000000002,1.3286,0.8453245728973604,0.7145736335441049,1.0,0.03515625,0.0,0.3282128118920862,0.8918
311.0,18075.0,98.0,0.00016298137039549022,0.01468998772494706,10.897647007888976,0.0,1.0,0.0,2.3478000000000003,1.5834000000000001,0.9622571847840624,0.9259388896685483,1.0,0.0390625,0.0,0.3627950489549323,3.1668000000000003
312.0,36284.0,4187.0,0.00017377492330191604,0.014525223999648885,8.556166526116199,0.0,1.0,0.0,4.3316,1.7108,0.7835614944911293,0.613968615649172,1.0,0.015625,0.0,0.32389318048774207,2.2022
313.0,1447.0,2620.0,0.000166918821317776,0.014611325262781031,8.227078453979338,0.0,1.0,0.0,4.313400000000001,3.8402000000000003,0.6595651610678801,0.43502620169449896,1.0,0.01953125,0.0,0.29010649419434165,0.6188
314.0,16100.0,2878.0,0.0001676688854300028,0.014257280758252952,8.886659022830626,0.0,1.0,0.0,2.0384,1.3104,0.9344013396881838,0.8731058636110715,1.0,0.02734375,0.0,0.32105120168447154,1.1648
315.0,21491.0,216.0,0.0001516369503051807,0.013914147625527845,10.20996779107985,0.0,1.0,0.0,3.5308,2.0748,0.9776871074694387,0.9558720801119578,1.0,0.01953125,0.0,0.34336575244742296,0.6916
316.0,163163.0,4114.0,0.00015726133912635654,0.014427484646570002,11.852400629298492,0.0,1.0,0.0,1.82,0.9646,0.9031263645017961,0.8156372302582304,1.0,0.03125,0.0,0.397722427729704,1.2558
317.0,168750.0,582.0,0.0001799772234638313,0.013296406013071345,6.786753678635269,0.0,1.0,0.0,1.6744,1.4924000000000002,0.6617435520280922,0.4379045286507559,1.0,0.04296875,0.0,0.2457777303970572,1.9292
318.0,35238.0,1328.0,0.00018582373281618658,0.014796476574486376,8.726112649377017,0.0,1.0,0.0,2.548,1.8018,0.6581077218521859,0.4331057735614738,1.0,0.01171875,0.0,0.35804144446440145,1.5288000000000002
319.0,63595.0,4288.0,0.00014340156119114353,0.015131392826279035,9.743130660664491,0.0,1.0,0.0,6.006,0.273,0.7992653544409019,0.6388251068095407,1.0,0.03125,0.0,0.3206596590528106,1.9838
320.0,15359.0,2796.0,0.00015421436329496316,0.014868323424732134,8.856646391173783,0.0,1.0,0.0,3.367,1.9292,0.846606327572753,0.7167422738862235,1.0,0.02734375,0.0,0.2888967027140765,2.7664
321.0,124385.0,2933.0,0.0001663921293183624,0.01390641319692809,10.58480962709883,0.0,1.0,0.0,2.6026000000000002,1.2012,0.8534720252482552,0.7284144978813591,1.0,0.01953125,0.0,0.39431499751143323,1.2922
322.0,6163.0,4979.0,0.00018094891724478558,0.014177524722591749,10.50018580254708,0.0,1.0,0.0,2.5662000000000003,2.4024,0.9233557904696931,0.8525859157939126,1.0,0.0,0.0,0.3853104070779274,1.4924000000000002
323.0,2827.0,402.0,0.00018264718016503833,0.014261587759799877,7.341980656202971,0.0,1.0,0.0,1.8382,1.7108,0.9769303969109493,0.9543930004085859,1.0,0.03515625,0.0,0.26654518999329224,0.364
324.0,125312.0,2138.0,0.00018659362902730603,0.01438427918895841,8.310197006382475,0.0,1.0,0.0,1.9474,1.7836,0.7273328512468075,0.5290130765028108,1.0,0.01953125,0.0,0.3135533536976124,2.7482
325.0,114038.0,2393.0,0.00017046351456534933,0.014022975012075882,8.795717502826426,0.0,1.0,0.0,2.1112,1.9474,1.0620731280076006,1.1279993292358501,1.0,0.01953125,0.0,0.3246508726866226,1.8018
326.0,53712.0,754.0,0.0001635848776139649,0.014031819622934028,9.247962572904633,0.0,1.0,0.0,1.2012,1.0010000000000001,0.9418393112228444,0.8870612881647222,1.0,0.0078125,0.0,0.3226072218880347,0.91
327.0,176200.0,2966.0,0.00016800438447268887,0.013805504664076236,9.516747062766845,0.0,1.0,0.0,0.5096,0.364,0.9611150151229845,0.9237420722948554,1.0,0.015625,0.0,0.34936337083919833,2.2022
328.0,160111.0,509.0,0.0001781958619458629,0.014854875081807618,8.61601988658596,0.0,1.0,0.0,5.1506,4.8776,0.7788587806718335,0.6066210002296152,1.0,0.02734375,0.0,0.32874216384902066,3.458
329.0,179302.0,1401.0,0.0001548750750396106,0.014702105366550616,11.18066313368721,0.0,1.0,0.0,1.8928,1.5652000000000001,0.8652003672149972,0.7485716754289671,1.0,0.04296875,0.0,0.38424190530824665,1.8382
330.0,128854.0,3837.0,0.00017656719270011043,0.015076505989561525,7.200581693353155,0.0,1.0,0.0,2.2932,2.0566,0.9711691877283413,0.9431695911929256,1.0,0.02734375,0.0,0.25448830110472614,1.4742000000000002
331.0,444.0,1090.0,0.00017348031476609253,0.014489920092098629,8.228349273256955,0.0,1.0,0.0,1.7654,1.5834000000000001,0.9138403145592807,0.8351041205138034,1.0,0.02734375,0.0,0.31586022549181214,1.5470000000000002
332.0,9635.0,3624.0,0.00016983619656762657,0.014351087628204971,11.738287734164434,0.0,1.0,0.0,1.0010000000000001,0.8554,0.6775056027785477,0.4590138417963236,1.0,0.046875,0.0,0.43385671870524034,1.1284
333.0,29347.0,3210.0,0.00014606052996379214,0.014528398710088838,10.266096220468532,0.0,1.0,0.0,2.1112,1.9656,0.7515410585185242,0.5648139626391441,1.0,0.015625,0.0,0.34757700194423613,0.7098
334.0,147352.0,1759.0,0.00016346563188326425,0.014060471023529133,9.315938826377304,0.0,1.0,0.0,1.7836,1.5834000000000001,0.7767188260670552,0.6032921347669845,1.0,0.015625,0.0,0.3168258220427954,1.7836
335.0,26007.0,2661.0,0.00017129571564376703,0.014592844685419147,8.816037360565687,0.0,1.0,0.0,2.7118,1.8018,0.9743024772441722,0.9492653171641307,1.0,0.01171875,0.0,0.3033175761085407,3.003
336.0,23245.0,4129.0,0.00017348322461705425,0.0137280902185731,8.278596701485222,0.0,1.0,0.0,2.184,2.0384,0.8798462365954156,0.7741294000511161,1.0,0.04296875,0.0,0.3080748416857775,2.184
337.0,102108.0,2603.0,0.00015505756506897005,0.014349692696082869,9.32165814825542,0.0,1.0,0.0,4.6228,1.3468,0.6721305548102906,0.45175948270958893,1.0,0.03515625,0.0,0.3154128946780673,1.6198000000000001
338.0,88374.0,1287.0,0.00016733979064597105,0.01491134468046249,10.10336048587035,0.0,1.0,0.0,1.3286,1.2012,0.8366868733466545,0.7000449240306,1.0,0.0078125,0.0,0.3812035928434936,0.8918
339.0,60212.0,3371.0,0.0001588738955391489,0.014665086935384148,8.475742202841817,0.0,1.0,0.0,2.6754000000000002,1.2376,0.8848833522055383,0.7830185470105099,1.0,0.02734375,0.0,0.2807570733445046,1.9292
340.0,24271.0,1424.0,0.00015482697651689214,0.014694815752096234,9.996425870070329,0.0,1.0,0.0,2.4570000000000003,1.6744,0.9161326942107453,0.8392991134018388,1.0,0.01171875,0.0,0.3040499763177813,2.7846
341.0,59506.0,456.0,0.0001460237134397475,0.015217832708557295,10.52736339622848,0.0,1.0,0.0,1.8928,1.6744,0.9322310483270292,0.8690547274649114,1.0,0.015625,0.0,0.3544563676270234,1.0374
342.0,64127.0,4770.0,0.0001731813117683029,0.014132171551454143,9.519825541316454,0.0,1.0,0.0,2.2568,0.7644000000000001,0.8054829057147805,0.6488027113987265,1.0,0.01171875,0.0,0.3283089149675623,0.6734
343.0,171392.0,3078.0,0.0001566854130398079,0.014427768041554687,8.651621367931947,0.0,1.0,0.0,0.7462000000000001,0.637,0.7626815061301073,0.5816830797928886,1.0,0.0625,0.0,0.2884666411481147,0.9282
344.0,20314.0,56.0,0.00015125865770045,0.014467001000102215,12.167426557468513,0.0,1.0,0.0,0.6734,0.5642,0.9729048047349709,0.9465437590763907,1.0,0.01953125,0.0,0.4203590470801677,0.4914
345.0,169675.0,1381.0,0.00017482887070067782,0.013954739967623303,10.447875379452707,0.0,1.0,0.0,1.8928,1.183,0.9424618599742547,0.8882343575061316,1.0,0.00390625,0.0,0.39149196065777936,1.1102
346.0,102525.0,2136.0,0.00017647756697108106,0.014881511215437624,9.88803046528101,0.0,1.0,0.0,2.366,0.9646,0.944648533209273,0.8923608512944301,1.0,0.015625,0.0,0.3620100113790894,2.1112
347.0,119880.0,275.0,0.00015859102315406124,0.014593557699801182,10.66039278675968,0.0,1.0,0.0,5.3144,3.8038000000000003,0.7974921078784843,0.6359936621284682,1.0,0.03125,0.0,0.3896674949288341,3.0394
348.0,76799.0,3677.0,0.00016823697967809334,0.014657827476695936,9.290261873185182,0.0,1.0,0.0,1.6744,1.5288000000000002,0.7821307528203223,0.6117285145072836,1.0,0.01953125,0.0,0.34327078835704705,1.3832
349.0,27588.0,1306.0,0.00015296091134874636,0.014672107438551352,10.398117980884532,0.0,1.0,0.0,2.4934000000000003,2.3114,0.8203758839183285,0.6730165909147788,1.0,0.03125,0.0,0.3248527829799812,1.9292
350.0,93552.0,260.0,0.0001625581812869335,0.014194788776917173,10.122954003222038,0.0,1.0,0.0,1.9838,1.2922,0.8219609736979676,0.6756198422825118,1.0,0.02734375,0.0,0.37301334930491503,0.9464
351.0,138519.0,4999.0,0.00017505789240127733,0.014260153496729287,10.456471692851668,0.0,1.0,0.0,2.0384,1.8746,1.04813252029413,1.0985817800981237,1.0,0.00390625,0.0,0.3671410232386047,1.0010000000000001
352.0,3955.0,1748.0,0.00018641445581553425,0.014243925379816029,9.044615230800474,0.0,1.0,0.0,0.9282,0.7462000000000001,0.6800596909166142,0.4624811832096009,1.0,0.0234375,0.0,0.33959431106922894,2.6936
353.0,121490.0,4915.0,0.0001489350343654324,0.014687539517958818,11.610289260005992,0.0,1.0,0.0,2.4570000000000003,1.6926,0.9392516076302417,0.8821935824359939,1.0,0.02734375,0.0,0.3986725448876345,1.5470000000000002
354.0,103326.0,3797.0,0.00016841713345968617,0.014649984925179679,11.11520502165503,0.0,1.0,0.0,3.7492,2.73,0.6388334490742017,0.40810817565604046,1.0,0.01953125,0.0,0.41277294200602754,1.9292
355.0,106505.0,1152.0,0.00017924279465700294,0.014303310866742368,10.109349525988959,0.0,1.0,0.0,3.4762,2.0384,1.0254251437144863,1.051496725361875,1.0,0.0078125,0.0,0.37882627716578754,2.8028
356.0,76572.0,2286.0,0.00018271216917282903,0.013960289883408208,7.1688252908507675,0.0,1.0,0.0,2.4752,1.0738,1.5901559943571073,2.528596086389843,1.0,0.01171875,0.0,0.2932190036801813,5.5692
357.0,25953.0,2268.0,0.00016794943409642634,0.014245525786550627,8.679857021717822,0.0,1.0,0.0,4.5136,1.1102,0.7672605904194932,0.5886888136108697,1.0,0.0234375,0.0,0.3084095377108347,2.4934000000000003
358.0,153449.0,90.0,0.0001576466283655253,0.014477416319513105,9.133614944550475,0.0,1.0,0.0,3.458,1.9838,0.9015353020742867,0.8127659008861755,1.0,0.16015625,0.0,0.3076426207482128,3.0940000000000003
359.0,21676.0,343.0,0.00016157499937963994,0.014584901017019591,12.331160172945705,0.0,1.0,0.0,3.0212000000000003,2.8392,1.0189455985004132,1.0382501327033649,1.0,0.0078125,0.0,0.4241835017439235,2.6936
360.0,134294.0,1956.0,0.00018048637626092703,0.014278806551412088,8.16953764916402,0.0,1.0,0.0,2.1112,1.9474,0.6037435590079273,0.36450628504355875,1.0,0.03125,0.0,0.30988724592648054,1.911
361.0,102147.0,4465.0,0.00015995059179268927,0.015320032095861885,11.225929215294386,0.0,1.0,0.0,1.365,1.2194,0.7122839884192658,0.5073484801584562,1.0,0.015625,0.0,0.4180116992521157,2.1112
362.0,123296.0,2617.0,0.0001435670824484714,0.014117315134553098,9.622441020044095,0.0,1.0,0.0,1.4196,1.1284,0.9046687737672315,0.8184255902295062,1.0,0.0234375,0.0,0.3183287108988305,1.7108
363.0,159924.0,4593.0,0.00017715817936996705,0.01427612777905587,11.066486642604549,0.0,1.0,0.0,2.9848000000000003,0.8372,1.1077017671424711,1.227003204930554,1.0,0.0078125,0.0,0.40770120419392697,1.6198000000000001
364.0,50309.0,4353.0,0.0001891483543961482,0.014434346067160389,8.106760567058034,0.0,1.0,0.0,3.6764,2.0202,0.746008071440844,0.556528042654888,1.0,0.02734375,0.0,0.327111501948109,1.7654
365.0,130497.0,3911.0,0.0001740892415248192,0.014520303919414043,9.387498781228848,0.0,1.0,0.0,1.8564,1.6198000000000001,0.9070252318836535,0.8226947712735964,1.0,0.01953125,0.0,0.3482070750918862,1.729
366.0,16588.0,452.0,0.00016528094986229913,0.014480538196144019,10.01442652344407,0.0,1.0,0.0,1.9656,1.6016000000000001,0.8199482925015918,0.672315202376276,1.0,0.03125,0.0,0.3483550208259918,1.4196
367.0,87568.0,1952.0,0.00017497181628019974,0.014945156879063564,8.60578562955152,0.0,1.0,0.0,1.4924000000000002,1.3104,1.0252011345463288,1.0510373662750787,1.0,0.015625,0.0,0.3049872653379837,1.0374
368.0,103440.0,215.0,0.00017459520985337902,0.013697105367200252,10.628162920009496,0.0,1.0,0.0,3.7492,2.9484000000000004,0.8097340480513454,0.6556692285736184,1.0,0.03515625,0.0,0.39873675800689834,2.6754000000000002
369.0,48936.0,4898.0,0.00014623665289452135,0.014630646477600453,11.140568850554732,0.0,1.0,0.0,2.8392,2.548,0.9352849579406922,0.8747579525501229,1.0,0.01171875,0.0,0.39577552612948663,1.0556
370.0,152118.0,3885.0,0.0001617192858251913,0.014108904074944783,11.286661961455524,0.0,1.0,0.0,1.1284,0.9828,0.7927030196857081,0.6283780774188403,1.0,0.0078125,0.0,0.42527606123400563,0.364
371.0,152437.0,2178.0,0.00017977347296839192,0.014292637724035351,8.629671518937121,0.0,1.0,0.0,3.2032000000000003,1.729,0.7646883029318488,0.5847482006407914,1.0,0.0390625,0.0,0.32422578465658936,2.0748
372.0,30303.0,4920.0,0.00017607958685234064,0.013787003379954144,7.687526035723688,0.0,1.0,0.0,3.3852,1.9474,0.786665574977974,0.6188427268554263,1.0,0.04296875,0.0,0.2733190513191648,4.5864
373.0,170095.0,2858.0,0.0001783744580705635,0.014088521351596826,7.738377390417197,0.0,1.0,0.0,1.6380000000000001,1.4742000000000002,0.6452858904556318,0.4163938804211172,1.0,0.01171875,0.0,0.2891477473407519,1.8018
374.0,103843.0,2524.0,0.00016858795831578658,0.014078751847718196,8.021465732535267,0.0,1.0,0.0,2.6026000000000002,2.3114,1.1588029631028074,1.3428243072958463,1.0,0.00390625,0.0,0.28584788164066,1.4196
375.0,156131.0,1261.0,0.00014982553278039003,0.014934425168881873,11.063840717068748,0.0,1.0,0.0,2.5662000000000003,1.6744,0.9813830529878722,0.9631126966917968,1.0,0.0234375,0.0,0.37236885638404543,0.2548
376.0,20227.0,4073.0,0.00014796150215882524,0.014798347717561616,12.885160140558488,0.0,1.0,0.0,3.4398,2.5844,0.76064942790136,0.5785875521666655,1.0,0.015625,0.0,0.4321691154878198,0.6734
377.0,157920.0,4764.0,0.0001556431894290847,0.014598406838484776,9.322484266838794,0.0,1.0,0.0,0.6734,0.4732,0.8324806776353486,0.6930240786362089,1.0,0.02734375,0.0,0.3237327152151248,0.6006
378.0,118062.0,2234.0,0.00015918855256437506,0.014374095441504278,10.624657119736275,0.0,1.0,0.0,3.9858000000000002,3.2032000000000003,0.758320872533615,0.5750505457201429,1.0,0.015625,0.0,0.37943830652018506,2.3296
379.0,156036.0,2239.0,0.00016484035697787562,0.014526230707248663,8.71518831266666,0.0,1.0,0.0,2.4752,0.4732,0.9069698116934573,0.8225942393232658,1.0,0.01953125,0.0,0.30956558680901636,1.8928
380.0,20836.0,658.0,0.00013840176677967496,0.014570356263805801,14.116148603520754,0.0,1.0,0.0,1.9838,0.5642,0.9472775651980826,0.8973347855276078,1.0,0.00390625,0.0,0.49781251353562794,3.5126000000000004
381.0,33413.0,2799.0,0.0001804796530197081,0.013799366282122657,8.59146958634364,0.0,1.0,0.0,4.641,3.2214,0.8400115109871091,0.7056193385908458,1.0,0.02734375,0.0,0.31107269737012017,1.7836
382.0,125919.0,2122.0,0.0001642072773230122,0.014571428857655734,9.523753765233922,0.0,1.0,0.0,3.4034,2.9848000000000003,0.8590315906553604,0.737935273743879,1.0,0.01171875,0.0,0.35299841912523444,2.9302
383.0,152012.0,3651.0,0.00018581061568363627,0.013124905271434817,8.6348109071863,0.0,1.0,0.0,3.5672,0.9646,0.7078366411252933,0.501032710519537,1.0,0.02734375,0.0,0.3354096668499738,2.2932
384.0,168575.0,1768.0,0.00017342846829116438,0.014683462552878421,9.720532936186595,0.0,1.0,0.0,4.095000000000001,3.8766000000000003,0.9975927196151455,0.9951912342291436,1.0,0.01171875,0.0,0.36726098166854104,2.3842000000000003
385.0,14170.0,97.0,0.00016534451184391582,0.014110967281483143,10.847900345216223,0.0,1.0,0.0,2.5662000000000003,2.4024,0.8802308561529816,0.7748063601238112,1.0,0.01953125,0.0,0.35219449185710583,0.7098
386.0,17311.0,778.0,0.0001693359027518844,0.014236542483596626,10.002802817799028,0.0,1.0,0.0,3.5854000000000004,3.367,0.9156665472433514,0.8384452257405605,1.0,0.04296875,0.0,0.3486171019542378,3.0758
387.0,20537.0,4335.0,0.00016327186361773677,0.014430437455817086,9.685757134532441,0.0,1.0,0.0,2.9666,2.1658,0.6180817579624232,0.38202505952591925,1.0,0.01171875,0.0,0.33613375301944015,0.728
388.0,4530.0,611.0,0.00014717061103799054,0.014016139176212129,14.173953667775,0.0,1.0,0.0,6.7704,4.7138,0.6394314536958714,0.4088725839756151,1.0,0.01953125,0.0,0.45509526150019664,1.2376
389.0,50111.0,1360.0,0.000170409842903103,0.014837760868000581,8.546334362180525,0.0,1.0,0.0,4.2224,2.7482,0.8712505280738767,0.759077482669009,1.0,0.0234375,0.0,0.3021769519325926,1.9474
390.0,113765.0,4611.0,0.0001635652149692387,0.014307104140351986,9.641928030175876,0.0,1.0,0.0,1.7108,1.5288000000000002,0.9313089356574157,0.8673363336353482,1.0,0.01171875,0.0,0.3347960938081561,0.5642
391.0,39962.0,477.0,0.00014461125621466605,0.014141779137124407,11.378605028115997,0.0,1.0,0.0,2.4388,2.2568,0.9276140628485254,0.8604678495943477,1.0,0.01171875,0.0,0.38050184843481105,1.9474
392.0,16079.0,4890.0,0.00018782575361669116,0.014587013658368517,9.408612979904017,0.0,1.0,0.0,3.4944,2.7482,0.8380703692981223,0.7023619438954899,1.0,0.02734375,0.0,0.34068967925793014,0.38220000000000004
393.0,67209.0,956.0,0.00017155916209440854,0.014395772723606705,10.05582651953126,0.0,1.0,0.0,3.3852,2.5662000000000003,0.9006949893242442,0.8112514637938004,1.0,0.01953125,0.0,0.3830420082418524,1.5288000000000002
394.0,117080.0,4441.0,0.00017684626415307323,0.01425411594595276,8.775717214131403,0.0,1.0,0.0,2.8756,2.1112,0.8382116361658597,0.702598747003847,1.0,0.0,0.0,0.3358521139704629,1.3832
395.0,50410.0,116.0,0.00016148352534594117,0.015113979613999394,10.932660400078507,0.0,1.0,0.0,2.0020000000000002,0.6006,1.108323584852551,1.2283811687404105,1.0,0.01171875,0.0,0.4156997076001474,0.6188
396.0,47071.0,2574.0,0.0001711876239581477,0.014294499674447732,9.123954254129565,0.0,1.0,0.0,2.2568,0.91,0.9587706469926819,0.9192411535347651,1.0,0.02734375,0.0,0.3253860709509482,2.2568
397.0,82061.0,824.0,0.00015899433677784363,0.01447999564287313,11.256217153528338,0.0,1.0,0.0,2.2022,0.8008000000000001,0.8112279895753771,0.6580908510705086,1.0,0.02734375,0.0,0.3635428349648524,1.6744
398.0,72926.0,3574.0,0.00017404621998796276,0.014357944374729054,8.079503617668664,0.0,1.0,0.0,2.8938,2.6572,0.8830033266746639,0.7796948749185236,1.0,0.05078125,0.0,0.31582471601385864,1.7108
399.0,15279.0,3224.0,0.00015392290263008571,0.014655814956866853,12.925457843143406,0.0,1.0,0.0,1.456,1.0738,0.7735738309059288,0.5984164718624756,1.0,0.01953125,0.0,0.44884488609420403,2.4024
400.0,148016.0,3181.0,0.00015014791876731534,0.015305881434603612,8.61046382317432,0.0,1.0,0.0,2.0202,1.2922,1.1082782300242433,1.2282806351456683,1.0,0.0234375,0.0,0.29652361829392154,1.3468
401.0,28931.0,3885.0,0.00017099736670675043,0.015210298300344722,7.525916881813872,0.0,1.0,0.0,1.183,1.0192,0.7764540313005629,0.6028808627228956,1.0,0.01953125,0.0,0.2730467307230757,2.8028
402.0,169902.0,1773.0,0.00016588540662375602,0.01338528356045219,9.903506154213177,0.0,1.0,0.0,1.183,1.0556,1.0056967138774986,1.0114258803040002,1.0,0.015625,0.0,0.3543240575514387,1.3104
403.0,41528.0,3227.0,0.00016243382803268367,0.014346681446857449,10.279243090255891,0.0,1.0,0.0,4.7866,4.4590000000000005,0.6252948032529237,0.39099359097511305,1.0,0.03125,0.0,0.37194016890884685,1.0010000000000001
404.0,159581.0,3266.0,0.00018649404499086706,0.014595277713648738,6.886931802625529,0.0,1.0,0.0,0.91,0.7826000000000001,0.9564612997241281,0.9148182178699699,1.0,0.04296875,0.0,0.2463182366293174,1.1466
405.0,146919.0,1579.0,0.00015460513909531845,0.014172212822173074,12.168878638114302,0.0,1.0,0.0,1.3286,1.1466,0.9743692700608529,0.9493954744389186,1.0,0.01953125,0.0,0.4074271201400421,1.365
406.0,43286.0,1404.0,0.00018045299585987205,0.013631894419684478,8.424864582899108,0.0,1.0,0.0,2.821,1.274,0.9224882370636016,0.8509845475207123,1.0,0.01953125,0.0,0.3048691133805,0.6552
407.0,149179.0,1458.0,0.00017882659537193785,0.01415128325422935,10.004086723159073,0.0,1.0,0.0,0.9828,0.7462000000000001,0.9623066845261726,0.9260341550837555,1.0,0.01171875,0.0,0.4017165769338674,0.5824
408.0,129572.0,1491.0,0.00017526126433375163,0.013523032632360826,9.091148757306469,0.0,1.0,0.0,2.1658,1.3832,0.8995730300431728,0.8092316363810553,1.0,0.03125,0.0,0.31676309136987746,0.3458
409.0,84601.0,3946.0,0.0001835916116255874,0.01395790090227746,6.6544425817658235,0.0,1.0,0.0,2.8028,1.456,0.8778775847207227,0.7706690537550901,1.0,0.01953125,0.0,0.2595623236659992,2.184
410.0,83083.0,2223.0,0.00016417564869360447,0.014992326069641662,10.007836506661258,0.0,1.0,0.0,2.73,2.4570000000000003,0.8619406223129449,0.7429416363932263,1.0,0.04296875,0.0,0.3320618483183382,1.3286
411.0,164784.0,827.0,0.00017150265375254862,0.015030963631227502,8.454089154850765,0.0,1.0,0.0,2.6390000000000002,1.8928,0.7287205048593611,0.531033574202482,1.0,0.0390625,0.0,0.3159644350523658,0.7826000000000001
412.0,128447.0,1730.0,0.00014971645440653127,0.015156818045713222,10.644514524873616,0.0,1.0,0.0,2.0748,1.4742000000000002,0.7337801101598935,0.5384332500662652,1.0,0.0234375,0.0,0.34324550302669604,0.6552
413.0,77550.0,964.0,0.00015750572320844257,0.014833872635289997,10.069883793006378,0.0,1.0,0.0,2.8938,2.1112,0.664645354942968,0.44175344784726245,1.0,0.0234375,0.0,0.3159200633442909,2.9848000000000003
414.0,77588.0,620.0,0.00016138426259732625,0.014702400878871718,9.359492557752429,0.0,1.0,0.0,0.4732,0.364,0.7201664538211683,0.5186397212093566,1.0,0.01953125,0.0,0.3303614695796882,0.91
415.0,165549.0,3965.0,0.0001600536012783563,0.015328586335287853,9.587490307018852,0.0,1.0,0.0,6.115200000000001,5.1142,0.8918992830091642,0.7954843310322608,1.0,0.03125,0.0,0.32342122659446737,1.2922
416.0,128843.0,2032.0,0.00015609635603806393,0.01438841264973842,9.739792142725978,0.0,1.0,0.0,2.4206000000000003,1.5834000000000001,0.8529811001829981,0.7275767572693974,1.0,0.01953125,0.0,0.3345912709889691,1.6380000000000001
417.0,130209.0,4146.0,0.0001725557577175455,0.013538128560131625,9.495718815722839,0.0,1.0,0.0,1.82,1.5106000000000002,0.8047897381886874,0.6476865226938169,1.0,0.015625,0.0,0.3648273930993282,2.0202
418.0,155242.0,1681.0,0.00016933312877966147,0.014130247353147172,9.658905824076545,0.0,1.0,0.0,1.9292,1.6198000000000001,0.5852525402950828,0.34252053592184767,1.0,0.0,0.0,0.3684390668268085,3.9312
419.0,16107.0,2434.0,0.00016520011585406265,0.014957443143072702,9.219584206668797,0.0,1.0,0.0,3.8766000000000003,2.4752,0.7611293719923199,0.5793179209094235,1.0,0.03125,0.0,0.3241267862977186,2.366
420.0,166548.0,1235.0,0.00015299558762737233,0.015066595847851447,11.155526823701692,0.0,1.0,0.0,0.455,0.364,1.0017755803302995,1.0035543133461102,1.0,0.0234375,0.0,0.39559411874489325,0.38220000000000004
421.0,63972.0,2927.0,0.00015373208232783158,0.013770570272210536,8.731099696622207,0.0,1.0,0.0,3.1122,2.9302,0.696996981916651,0.4858047928009205,1.0,0.03125,0.0,0.3030568696914737,2.0384
422.0,155543.0,2914.0,0.0001519406573286484,0.014776017182838674,9.100509498425225,0.0,1.0,0.0,4.3498,4.1496,0.7192407322576555,0.5173072309385288,1.0,0.0625,0.0,0.29570375160153894,1.2558
423.0,64127.0,2867.0,0.00018924325816083718,0.014017673215097448,8.178330453557887,0.0,1.0,0.0,2.2386,0.8554,0.7391142961638432,0.5462899427937726,1.0,0.015625,0.0,0.3175239506940586,0.6916
424.0,71541.0,186.0,0.00014658219286379278,0.015092868220400705,12.56744561402048,0.0,1.0,0.0,1.5288000000000002,1.0010000000000001,0.7359033001921008,0.5415536672336255,1.0,0.015625,0.0,0.4359799888355562,1.2012
425.0,162546.0,4764.0,0.00016079681227351705,0.014756485236479839,9.627213242280947,0.0,1.0,0.0,2.0020000000000002,0.5642,0.7454028346852546,0.5556253859568133,1.0,0.02734375,0.0,0.3331105584217675,2.9302
426.0,132605.0,477.0,0.0001725168726747189,0.013916169526755829,8.144739557772738,0.0,1.0,0.0,2.548,2.3296,0.9598459392796543,0.9213042271516432,1.0,0.03515625,0.0,0.30590492505748484,1.8382
427.0,32022.0,4053.0,0.0001698931326214892,0.014487155140838738,8.254094019918975,0.0,1.0,0.0,3.367,1.365,0.8904087185953139,0.7928276861505478,1.0,0.01171875,0.0,0.3060065090348427,2.4388
428.0,159610.0,3580.0,0.0001666726712450258,0.015031796645107716,13.050536376931879,0.0,1.0,0.0,3.7492,3.4762,0.7338102697738489,0.5384775120255693,1.0,0.015625,0.0,0.491682984451288,2.0384
429.0,32981.0,4407.0,0.00015439751256120457,0.01439157226778182,8.36325701113104,0.0,1.0,0.0,2.1294,0.7644000000000001,0.8972612970033735,0.8050778351001759,1.0,0.01953125,0.0,0.26719992522585856,0.7826000000000001
430.0,55010.0,2903.0,0.00015679687436736725,0.014369435656169553,11.710053526612144,0.0,1.0,0.0,1.0738,0.8918,0.8745552988453204,0.764846970738427,1.0,0.015625,0.0,0.41599405415076274,0.7826000000000001
431.0,65853.0,4337.0,0.00017955864207362402,0.013953732901026514,9.068789727370392,0.0,1.0,0.0,2.4570000000000003,2.2022,0.944120654408597,0.8913638100809166,1.0,0.01953125,0.0,0.3340779221754198,1.7108
432.0,137509.0,330.0,0.00016250365559107325,0.014471021251117813,8.919330782523645,0.0,1.0,0.0,2.4206000000000003,0.4186,0.7600088387694273,0.5776134350076536,1.0,0.0234375,0.0,0.28094474277178105,2.6754000000000002
433.0,40670.0,1477.0,0.00017766586882209684,0.01443192926624648,9.108144644491851,0.0,1.0,0.0,0.4368,0.3276,0.9348036449715882,0.8738578546521666,1.0,0.01953125,0.0,0.3433860507574349,1.6016000000000001
434.0,61152.0,3683.0,0.00017414099898106777,0.014041054060649314,10.00046745223886,0.0,1.0,0.0,1.729,1.0010000000000001,0.9229871498993828,0.8519052788793856,1.0,0.0078125,0.0,0.38333183993545206,2.1112
435.0,49756.0,1265.0,0.00015861705213445144,0.01370235984323276,9.99545619409669,0.0,1.0,0.0,1.1102,0.9464,0.7857109737062495,0.6173417342024226,1.0,0.02734375,0.0,0.3645987870848608,3.64
436.0,139270.0,1807.0,0.00016309582492385067,0.014742374007159094,9.041381086099172,0.0,1.0,0.0,1.82,1.6562000000000001,0.7149464737137015,0.5111484602756556,1.0,0.05078125,0.0,0.31063589490858323,1.1284
437.0,86918.0,4627.0,0.00017766248662120913,0.013969837563137051,7.5408274404771545,0.0,1.0,0.0,1.6926,1.5106000000000002,1.0338473254889853,1.0688402924207283,1.0,0.03125,0.0,0.2839719529783622,3.1668000000000003
438.0,134588.0,4679.0,0.00016061202554815756,0.014766305804660543,9.085084713340548,0.0,1.0,0.0,2.184,2.0202,0.9216248059668662,0.8493922829734646,1.0,0.0625,0.0,0.2999891523574325,2.73
439.0,157655.0,4112.0,0.00014445247452048206,0.014928992103943526,11.939688796629108,0.0,1.0,0.0,2.1294,1.3832,0.7727025710925357,0.5970692633730157,1.0,0.01953125,0.0,0.3928033647710558,4.0586
440.0,174701.0,4431.0,0.0001670696186209206,0.014174070789050162,11.210034457205321,0.0,1.0,0.0,3.367,2.2204,0.7967187820694672,0.6347608177022557,1.0,0.015625,0.0,0.40816685744486936,1.456
441.0,87534.0,361.0,0.00016073044822307727,0.014856632027691934,9.737278402241039,0.0,1.0,0.0,0.7462000000000001,0.6188,0.7458027019176061,0.556221670187602,1.0,0.03515625,0.0,0.34831934930214764,1.5470000000000002
442.0,145081.0,548.0,0.00016559864782315578,0.01471771777742366,12.03852607392954,0.0,1.0,0.0,1.6926,0.9646,0.6559823240611083,0.43031280948061323,1.0,0.04296875,0.0,0.41686724291163935,0.91
443.0,154232.0,179.0,0.00015896826821231553,0.013886612720763135,8.458297822043686,0.0,1.0,0.0,1.7836,1.6380000000000001,0.8192891907109493,0.6712347780158027,1.0,0.02734375,0.0,0.2720236245658345,1.6926
444.0,3936.0,1907.0,0.000169661241755287,0.014712316761774116,8.157758735963334,0.0,1.0,0.0,3.7128,2.2568,1.1679970307091851,1.3642170637454731,1.0,0.03515625,0.0,0.2897808397228854,1.5106000000000002
445.0,118282.0,2650.0,0.00017220228020545805,0.01457734010401952,8.359959793072699,0.0,1.0,0.0,1.9292,1.7836,1.0603346873529482,1.124309649203876,1.0,0.015625,0.0,0.31548081537688843,1.7472
446.0,21985.0,74.0,0.00015341955566174997,0.014943814963551766,14.650292406567276,0.0,1.0,0.0,1.5652000000000001,1.4196,0.9473530132210559,0.8974777316590147,1.0,0.015625,0.0,0.5036928434277486,0.728
447.0,5561.0,3683.0,0.0001737843031537452,0.014540473741615703,8.851272776303416,0.0,1.0,0.0,2.4388,1.6562000000000001,0.9200687643778822,0.8465265311838434,1.0,0.0234375,0.0,0.31405865109362185,2.7846
448.0,21949.0,505.0,0.00016148645768151342,0.014002546636268395,10.851346907159632,0.0,1.0,0.0,1.729,1.5652000000000001,0.8712524386462979,0.7590808118471208,1.0,0.0078125,0.0,0.39587996159944705,1.2922
449.0,69154.0,4312.0,0.0001691934765276674,0.014448024205267834,6.610191208718908,0.0,1.0,0.0,3.1668000000000003,1.092,0.8468887102799565,0.7172204875996487,1.0,0.02734375,0.0,0.23640791906830083,3.367
450.0,20910.0,2270.0,0.00015619293179180798,0.014140966684245708,10.478641407198905,0.0,1.0,0.0,2.6026000000000002,1.6744,0.7356800665311641,0.5412251602912979,1.0,0.015625,0.0,0.35939625884930626,0.8008000000000001
451.0,100116.0,3468.0,0.00016376058964656036,0.014300842337011637,9.567043099164904,0.0,1.0,0.0,7.5894,7.243600000000001,0.7332312292391585,0.5376280355315675,1.0,0.02734375,0.0,0.3354859039922058,1.2012
452.0,31607.0,555.0,0.00018242898824888572,0.01419822559060714,10.269445957029243,0.0,1.0,0.0,1.9474,1.7472,0.8836100788736041,0.7807667714870165,1.0,0.0078125,0.0,0.42618603861317084,4.2952
453.0,156757.0,1620.0,0.00016951003354036072,0.01386902611324084,9.954499204741339,0.0,1.0,0.0,2.093,1.3468,0.7015231148639799,0.4921346806884604,1.0,0.046875,0.0,0.3454889091189006,2.3842000000000003
454.0,106809.0,1158.0,0.0001622106815556943,0.014660400343897062,10.408957382665811,0.0,1.0,0.0,1.6380000000000001,1.4014,0.6523759706999483,0.42559440714670016,1.0,0.015625,0.0,0.36802438771727886,0.7826000000000001
455.0,171167.0,515.0,0.00014773259913682007,0.014661910194917303,9.720838249942364,0.0,1.0,0.0,2.2386,0.5096,1.0617342577504658,1.1272796340809328,1.0,0.0234375,0.0,0.3393270177265285,0.8736
456.0,54931.0,2105.0,0.000154564223607282,0.01431313897550639,11.552346809467409,0.0,1.0,0.0,1.274,1.0010000000000001,0.6953481439703751,0.4835090413230458,1.0,0.0234375,0.0,0.38802156088623474,3.4944
457.0,174938.0,3338.0,0.0001616432756466354,0.015041740084401758,10.27811145012974,0.0,1.0,0.0,4.167800000000001,1.8746,0.7129774183868097,0.5083367991295198,1.0,0.015625,0.0,0.3305725646004678,3.7674000000000003
458.0,35444.0,2565.0,0.0001535804610821249,0.014304399726593392,12.093090671142004,0.0,1.0,0.0,1.6016000000000001,0.8554,0.6586712610678174,0.43384783015666883,1.0,0.02734375,0.0,0.4284763520792849,0.4186
459.0,1631.0,2569.0,0.00016532901459581585,0.01502420386889317,9.586035607827652,0.0,1.0,0.0,2.2932,1.5834000000000001,0.7846484189350432,0.6156731413372623,1.0,0.03125,0.0,0.32391064922770463,1.2194
460.0,114067.0,1866.0,0.000136949632037198,0.014550406698776872,17.58823811887696,0.0,1.0,0.0,0.637,0.5096,0.933276038123198,0.8710041633349335,1.0,0.01953125,0.0,0.5696884389093679,1.3104
461.0,57886.0,4516.0,0.0001824866775787412,0.014049406980382359,8.211286542964716,0.0,1.0,0.0,3.7310000000000003,3.5490000000000004,0.7829823345566469,0.6130613362277773,1.0,0.01953125,0.0,0.2971870836732382,0.6006
462.0,86061.0,1114.0,0.00016913616870852365,0.014904869220128217,9.611557967728764,0.0,1.0,0.0,5.3144,3.64,0.5629638345190496,0.3169282789763921,1.0,0.01953125,0.0,0.3375338124310814,1.5652000000000001
463.0,172070.0,1662.0,0.00017501208546131863,0.0146208030298048,10.120083366650869,0.0,1.0,0.0,4.0222,2.275,0.6429145741021264,0.41333914959291845,1.0,0.0234375,0.0,0.3898757975740388,1.6016000000000001
464.0,85582.0,3749.0,0.00015146029755324183,0.014553955721520044,9.810104381949559,0.0,1.0,0.0,0.8190000000000001,0.6552,0.8670475479630709,0.7517714504287736,1.0,0.0234375,0.0,0.33856115584365387,3.6036
465.0,146041.0,2309.0,0.00016593147885246129,0.01424133014798189,8.73328474745516,0.0,1.0,0.0,2.0020000000000002,1.5106000000000002,0.8317773452718711,0.6918535521075226,1.0,0.05078125,0.0,0.3355650044509457,1.2922
466.0,94121.0,2990.0,0.00014964761330009285,0.014680847604956524,8.87368412758944,0.0,1.0,0.0,1.6016000000000001,1.456,0.8788173084822832,0.7723198616880457,1.0,0.01953125,0.0,0.30226985859405087,1.5834000000000001
467.0,8451.0,3650.0,0.0001415794669201699,0.01553781190007176,10.962994448230308,0.0,1.0,0.0,2.73,0.6916,0.6849994719399536,0.4692242765580146,1.0,0.03515625,0.0,0.3389047955362967,0.8008000000000001
468.0,32658.0,1629.0,0.0001462765105041898,0.01477514244075691,11.6888884758412,0.0,1.0,0.0,2.4752,0.4186,0.8299424942384014,0.6888045437426584,1.0,0.015625,0.0,0.4250496300413751,1.1466
469.0,69866.0,3287.0,0.0001562015751105411,0.014746765966214517,11.346651331393238,0.0,1.0,0.0,4.7502,4.0768,1.0096718743900785,1.0194372939343754,1.0,0.01171875,0.0,0.37587959092963974,1.4742000000000002
470.0,158518.0,892.0,0.00016857864449293657,0.014732052747122961,10.176598563627667,0.0,1.0,0.0,2.3478000000000003,1.5652000000000001,0.9012312121431221,0.8122176977409608,1.0,0.05078125,0.0,0.36177673200506577,2.4934000000000003
471.0,87082.0,3114.0,0.0001858312288517735,0.014512468893068096,7.9149109530485156,0.0,1.0,0.0,2.0202,1.8382,0.91181224724523,0.8314015742263954,1.0,0.03125,0.0,0.3065799900753676,1.5834000000000001
472.0,156199.0,1611.0,0.00017100003460817045,0.014431657674681925,9.416516943724602,0.0,1.0,0.0,1.9292,1.7654,0.9432060141328562,0.8896375850963892,1.0,0.01171875,0.0,0.34482484665454427,2.2386
473.0,108838.0,438.0,0.00014884356577113655,0.014108242275946562,11.827576629235475,0.0,1.0,0.0,1.1466,1.0010000000000001,0.9438453478511871,0.8908440406603276,1.0,0.015625,0.0,0.3840636780380082,2.2568
474.0,23896.0,693.0,0.0001630543939257262,0.014731480751210604,9.037557044114928,0.0,1.0,0.0,2.0748,1.911,0.7805766583092336,0.6092999194972094,1.0,0.015625,0.0,0.3081228187609599,1.274
475.0,147839.0,93.0,0.00014568991837115745,0.014455078207141942,10.447280750641735,0.0,1.0,0.0,1.3104,1.0556,0.8758495785402759,0.7671124842291793,1.0,0.02734375,0.0,0.3556320564861821,1.1102
476.0,95548.0,3599.0,0.00018586818850855992,0.014489562897569145,7.159679357487235,0.0,1.0,0.0,2.2204,2.0202,0.8509460680411981,0.7241092107147754,1.0,0.0390625,0.0,0.2594496217836664,3.64
477.0,66599.0,2103.0,0.00018038381796849719,0.013900528741121665,8.228230629322022,0.0,1.0,0.0,4.7866,3.6946000000000003,0.8016689004196444,0.642673025900042,1.0,0.01171875,0.0,0.32327499041214036,0.38220000000000004
478.0,100126.0,2785.0,0.0001692388768857761,0.014432455995381491,9.350508696481556,0.0,1.0,0.0,2.4388,1.5470000000000002,0.8518835597732202,0.7257055994118947,1.0,0.015625,0.0,0.3430395138332525,4.2952
479.0,23626.0,4474.0,0.00016891682918270437,0.0147613289242093,11.451895752615295,0.0,1.0,0.0,1.7472,1.4014,0.7925580000938767,0.6281481835128059,1.0,0.0,0.0,0.4154812970734767,0.6552
480.0,108642.0,1022.0,0.00015403560316154167,0.014913791816056484,11.563853328274885,0.0,1.0,0.0,4.4408,1.092,0.7317781672346179,0.5354992860412561,1.0,0.01953125,0.0,0.40765537820474407,1.82
481.0,56221.0,3662.0,0.00016342891794343133,0.013930804483722753,9.613219983169031,0.0,1.0,0.0,1.5652000000000001,1.183,0.7010740307634166,0.49150479661086377,1.0,0.01171875,0.0,0.34083443573025374,4.186
482.0,14115.0,2711.0,0.00017871341939311547,0.01390761177416797,8.630223589997758,0.0,1.0,0.0,9.8644,1.9656,0.559173792226621,0.31267532991310015,1.0,0.01171875,0.0,0.31272985651406593,1.6926
483.0,84518.0,2822.0,0.0001652570529273378,0.014659515392661089,7.275657910058057,0.0,1.0,0.0,2.8756,1.4014,0.823235112882778,0.67771605108312,1.0,0.03125,0.0,0.2639938503294488,1.6380000000000001
484.0,39164.0,3253.0,0.0001530837136892427,0.014506929877241092,10.306333159386044,0.0,1.0,0.0,0.38220000000000004,0.273,0.7166323470241758,0.513561920801379,1.0,0.03125,0.0,0.32583168658396433,1.5106000000000002
485.0,95006.0,4246.0,0.00015791500911277738,0.01424086952036449,12.629782127976629,0.0,1.0,0.0,2.4752,0.5278,0.7009314871374093,0.4913049496606592,1.0,0.01171875,0.0,0.45370478828002536,4.8048
486.0,21570.0,1581.0,0.00016228137154267202,0.0141656534630651,10.126824355306905,0.0,1.0,0.0,2.3114,1.6016000000000001,0.9351933413830734,0.8745865857672379,1.0,0.015625,0.0,0.34941726070395834,1.2194
487.0,165053.0,1357.0,0.000181477573364387,0.013743764524573448,6.910819304079186,0.0,1.0,0.0,1.6198000000000001,1.4014,0.8532695882240084,0.7280689901879689,1.0,0.02734375,0.0,0.2664439753940822,2.6572
488.0,122596.0,1706.0,0.0001589826261453789,0.014633861661929422,11.587738662420877,0.0,1.0,0.0,0.4368,0.3276,0.919592674082974,0.8456506862270752,1.0,0.01953125,0.0,0.4132416162384531,1.5288000000000002
489.0,159752.0,1937.0,0.00017822685343911647,0.014697288249451362,9.075505537869166,0.0,1.0,0.0,4.55,2.4752,1.0115230596309532,1.0231789001651646,1.0,0.0546875,0.0,0.3411238507487564,1.4742000000000002
490.0,175448.0,449.0,0.0001736817253598899,0.014540847216198262,9.674700131741995,0.0,1.0,0.0,3.4034,2.5116,0.8891550407348943,0.7905966864642712,1.0,0.01171875,0.0,0.3354603986557949,1.4014
491.0,168503.0,1513.0,0.0001592971124506579,0.014437663437887521,10.30942332591236,0.0,1.0,0.0,0.8008000000000001,0.455,0.6780750435228167,0.45978576464846926,1.0,0.0234375,0.0,0.3696733095726312,4.240600000000001
492.0,112798.0,4171.0,0.0001612392438824935,0.014107248006014223,10.326175356805967,0.0,1.0,0.0,0.546,0.4368,0.9103860261314333,0.8288027165753834,1.0,0.0390625,0.0,0.3715237527066475,1.729
493.0,93765.0,3191.0,0.00016204435104100754,0.014349737442546782,10.507992311919578,0.0,1.0,0.0,2.7664,1.9656,1.132027605148206,1.2814864988175823,1.0,0.01953125,0.0,0.3862923522247056,0.6188
494.0,39466.0,280.0,0.00016013389190891347,0.01430099104944001,10.179568281159131,0.0,1.0,0.0,3.367,2.6026000000000002,0.903456493335811,0.8162336353506402,1.0,0.03125,0.0,0.3381078327324598,0.364
495.0,13109.0,1400.0,0.00018775523372505361,0.013780411358589886,8.03754910275778,0.0,1.0,0.0,2.4206000000000003,1.0010000000000001,1.0732115114310556,1.1517829482681312,1.0,0.02734375,0.0,0.30112784398535253,0.9282
496.0,58060.0,845.0,0.00017453613960331332,0.014625181294592213,11.38656765662139,0.0,1.0,0.0,1.4378,1.183,0.8264152890192257,0.6829622299247294,1.0,0.01171875,0.0,0.40273775692990565,1.4924000000000002
497.0,27691.0,4647.0,0.00015806006235561128,0.014383112784185983,10.162339627525297,0.0,1.0,0.0,2.5298000000000003,1.82,0.9921352691004628,0.9843323921930478,1.0,0.046875,0.0,0.31251939385515615,0.3276
498.0,16074.0,4572.0,0.0001586538367808818,0.014571423779090379,11.569273638503535,0.0,1.0,0.0,4.5136,1.1102,0.8483315726927197,0.7196664572273034,1.0,0.02734375,0.0,0.4088284032036702,0.4368
499.0,109393.0,3386.0,0.00016159080458580307,0.014250538020488424,12.056253235999506,0.0,1.0,0.0,2.8938,0.9282,1.037363708542369,1.0761234638007775,1.0,0.03125,0.0,0.4335736464106492,1.1284
